variant,config_index,m_bits,l_bits,k_bits,ssim,ssim_error
M-AxPPA-COPY_B,1,1,1,14,0.432790468,0.567209532
M-AxPPA-COPY_AB,1,1,1,14,0.421723488,0.578276512
M-AxPPA-COPY_BA,1,1,1,14,0.438677287,0.561322713
M-AxPPA-COPY_B,2,1,2,13,0.416617552,0.583382448
M-AxPPA-COPY_AB,2,1,2,13,0.405413250,0.594586750
M-AxPPA-COPY_BA,2,1,2,13,0.417787196,0.582212804
M-AxPPA-COPY_B,3,1,3,12,0.407028758,0.592971242
M-AxPPA-COPY_AB,3,1,3,12,0.406389162,0.593610838
M-AxPPA-COPY_BA,3,1,3,12,0.408063428,0.591936572
M-AxPPA-COPY_B,4,1,4,11,0.402606530,0.597393470
M-AxPPA-COPY_AB,4,1,4,11,0.401926176,0.598073824
M-AxPPA-COPY_BA,4,1,4,11,0.402885267,0.597114733
M-AxPPA-COPY_B,5,1,5,10,0.403449439,0.596550561
M-AxPPA-COPY_AB,5,1,5,10,0.402957510,0.597042490
M-AxPPA-COPY_BA,5,1,5,10,0.403739103,0.596260897
M-AxPPA-COPY_B,6,1,6,9,0.403729178,0.596270822
M-AxPPA-COPY_AB,6,1,6,9,0.403245025,0.596754975
M-AxPPA-COPY_BA,6,1,6,9,0.403578529,0.596421471
M-AxPPA-COPY_B,7,1,7,8,0.407848822,0.592151178
M-AxPPA-COPY_AB,7,1,7,8,0.407838456,0.592161544
M-AxPPA-COPY_BA,7,1,7,8,0.407715945,0.592284055
M-AxPPA-COPY_B,8,1,8,7,0.406926542,0.593073458
M-AxPPA-COPY_AB,8,1,8,7,0.406915905,0.593084095
M-AxPPA-COPY_BA,8,1,8,7,0.406920283,0.593079717
M-AxPPA-COPY_B,9,1,9,6,0.406869298,0.593130702
M-AxPPA-COPY_AB,9,1,9,6,0.406872891,0.593127109
M-AxPPA-COPY_BA,9,1,9,6,0.406863742,0.593136258
M-AxPPA-COPY_B,10,1,10,5,0.401574941,0.598425059
M-AxPPA-COPY_AB,10,1,10,5,0.401577980,0.598422020
M-AxPPA-COPY_BA,10,1,10,5,0.401561795,0.598438205
M-AxPPA-COPY_B,11,1,11,4,0.403990957,0.596009043
M-AxPPA-COPY_AB,11,1,11,4,0.403987123,0.596012877
M-AxPPA-COPY_BA,11,1,11,4,0.403977835,0.596022165
M-AxPPA-COPY_B,12,1,12,3,0.406596785,0.593403215
M-AxPPA-COPY_AB,12,1,12,3,0.406592844,0.593407156
M-AxPPA-COPY_BA,12,1,12,3,0.406595826,0.593404174
M-AxPPA-COPY_B,13,1,13,2,0.404309245,0.595690755
M-AxPPA-COPY_AB,13,1,13,2,0.404308372,0.595691628
M-AxPPA-COPY_BA,13,1,13,2,0.404308318,0.595691682
M-AxPPA-COPY_B,14,1,14,1,0.406991863,0.593008137
M-AxPPA-COPY_AB,14,1,14,1,0.406991011,0.593008989
M-AxPPA-COPY_BA,14,1,14,1,0.406991863,0.593008137
M-AxPPA-COPY_B,15,2,1,13,0.560898474,0.439101526
M-AxPPA-COPY_AB,15,2,1,13,0.552131668,0.447868332
M-AxPPA-COPY_BA,15,2,1,13,0.562311713,0.437688287
M-AxPPA-COPY_B,16,2,2,12,0.550691953,0.449308047
M-AxPPA-COPY_AB,16,2,2,12,0.549997897,0.450002103
M-AxPPA-COPY_BA,16,2,2,12,0.551943758,0.448056242
M-AxPPA-COPY_B,17,2,3,11,0.546542405,0.453457595
M-AxPPA-COPY_AB,17,2,3,11,0.545798961,0.454201039
M-AxPPA-COPY_BA,17,2,3,11,0.546926390,0.453073610
M-AxPPA-COPY_B,18,2,4,10,0.546906767,0.453093233
M-AxPPA-COPY_AB,18,2,4,10,0.546390177,0.453609823
M-AxPPA-COPY_BA,18,2,4,10,0.547322463,0.452677537
M-AxPPA-COPY_B,19,2,5,9,0.547141645,0.452858355
M-AxPPA-COPY_AB,19,2,5,9,0.546635573,0.453364427
M-AxPPA-COPY_BA,19,2,5,9,0.546980518,0.453019482
M-AxPPA-COPY_B,20,2,6,8,0.551078096,0.448921904
M-AxPPA-COPY_AB,20,2,6,8,0.551081129,0.448918871
M-AxPPA-COPY_BA,20,2,6,8,0.550934196,0.449065804
M-AxPPA-COPY_B,21,2,7,7,0.550247323,0.449752677
M-AxPPA-COPY_AB,21,2,7,7,0.550250112,0.449749888
M-AxPPA-COPY_BA,21,2,7,7,0.550224836,0.449775164
M-AxPPA-COPY_B,22,2,8,6,0.550191161,0.449808839
M-AxPPA-COPY_AB,22,2,8,6,0.550199180,0.449800820
M-AxPPA-COPY_BA,22,2,8,6,0.550169400,0.449830600
M-AxPPA-COPY_B,23,2,9,5,0.544930786,0.455069214
M-AxPPA-COPY_AB,23,2,9,5,0.544938180,0.455061820
M-AxPPA-COPY_BA,23,2,9,5,0.544917657,0.455082343
M-AxPPA-COPY_B,24,2,10,4,0.547080581,0.452919419
M-AxPPA-COPY_AB,24,2,10,4,0.547078067,0.452921933
M-AxPPA-COPY_BA,24,2,10,4,0.547067462,0.452932538
M-AxPPA-COPY_B,25,2,11,3,0.549896111,0.450103889
M-AxPPA-COPY_AB,25,2,11,3,0.549893495,0.450106505
M-AxPPA-COPY_BA,25,2,11,3,0.549895570,0.450104430
M-AxPPA-COPY_B,26,2,12,2,0.547203076,0.452796924
M-AxPPA-COPY_AB,26,2,12,2,0.547202217,0.452797783
M-AxPPA-COPY_BA,26,2,12,2,0.547202560,0.452797440
M-AxPPA-COPY_B,27,2,13,1,0.550040304,0.449959696
M-AxPPA-COPY_AB,27,2,13,1,0.550039465,0.449960535
M-AxPPA-COPY_BA,27,2,13,1,0.550040304,0.449959696
M-AxPPA-COPY_B,28,3,1,12,0.603309087,0.396690913
M-AxPPA-COPY_AB,28,3,1,12,0.602646351,0.397353649
M-AxPPA-COPY_BA,28,3,1,12,0.604502765,0.395497235
M-AxPPA-COPY_B,29,3,2,11,0.598534341,0.401465659
M-AxPPA-COPY_AB,29,3,2,11,0.597821309,0.402178691
M-AxPPA-COPY_BA,29,3,2,11,0.598741244,0.401258756
M-AxPPA-COPY_B,30,3,3,10,0.599029155,0.400970845
M-AxPPA-COPY_AB,30,3,3,10,0.598532189,0.401467811
M-AxPPA-COPY_BA,30,3,3,10,0.599261001,0.400738999
M-AxPPA-COPY_B,31,3,4,9,0.599116065,0.400883935
M-AxPPA-COPY_AB,31,3,4,9,0.598631386,0.401368614
M-AxPPA-COPY_BA,31,3,4,9,0.598956207,0.401043793
M-AxPPA-COPY_B,32,3,5,8,0.602992241,0.397007759
M-AxPPA-COPY_AB,32,3,5,8,0.602990991,0.397009009
M-AxPPA-COPY_BA,32,3,5,8,0.602850702,0.397149298
M-AxPPA-COPY_B,33,3,6,7,0.601368570,0.398631430
M-AxPPA-COPY_AB,33,3,6,7,0.601367459,0.398632541
M-AxPPA-COPY_BA,33,3,6,7,0.601343236,0.398656764
M-AxPPA-COPY_B,34,3,7,6,0.602093758,0.397906242
M-AxPPA-COPY_AB,34,3,7,6,0.602094954,0.397905046
M-AxPPA-COPY_BA,34,3,7,6,0.602069367,0.397930633
M-AxPPA-COPY_B,35,3,8,5,0.596853679,0.403146321
M-AxPPA-COPY_AB,35,3,8,5,0.596854038,0.403145962
M-AxPPA-COPY_BA,35,3,8,5,0.596838545,0.403161455
M-AxPPA-COPY_B,36,3,9,4,0.599250298,0.400749702
M-AxPPA-COPY_AB,36,3,9,4,0.599246646,0.400753354
M-AxPPA-COPY_BA,36,3,9,4,0.599235192,0.400764808
M-AxPPA-COPY_B,37,3,10,3,0.601855632,0.398144368
M-AxPPA-COPY_AB,37,3,10,3,0.601851860,0.398148140
M-AxPPA-COPY_BA,37,3,10,3,0.601854151,0.398145849
M-AxPPA-COPY_B,38,3,11,2,0.599134135,0.400865865
M-AxPPA-COPY_AB,38,3,11,2,0.599133540,0.400866460
M-AxPPA-COPY_BA,38,3,11,2,0.599132692,0.400867308
M-AxPPA-COPY_B,39,3,12,1,0.600673311,0.399326689
M-AxPPA-COPY_AB,39,3,12,1,0.600672741,0.399327259
M-AxPPA-COPY_BA,39,3,12,1,0.600673311,0.399326689
M-AxPPA-COPY_B,40,4,1,11,0.620992958,0.379007042
M-AxPPA-COPY_AB,40,4,1,11,0.620261304,0.379738696
M-AxPPA-COPY_BA,40,4,1,11,0.621232530,0.378767470
M-AxPPA-COPY_B,41,4,2,10,0.620505769,0.379494231
M-AxPPA-COPY_AB,41,4,2,10,0.620029068,0.379970932
M-AxPPA-COPY_BA,41,4,2,10,0.620770094,0.379229906
M-AxPPA-COPY_B,42,4,3,9,0.620708901,0.379291099
M-AxPPA-COPY_AB,42,4,3,9,0.620246200,0.379753800
M-AxPPA-COPY_BA,42,4,3,9,0.620554752,0.379445248
M-AxPPA-COPY_B,43,4,4,8,0.625179244,0.374820756
M-AxPPA-COPY_AB,43,4,4,8,0.625176536,0.374823464
M-AxPPA-COPY_BA,43,4,4,8,0.625040264,0.374959736
M-AxPPA-COPY_B,44,4,5,7,0.623536337,0.376463663
M-AxPPA-COPY_AB,44,4,5,7,0.623533613,0.376466387
M-AxPPA-COPY_BA,44,4,5,7,0.623510303,0.376489697
M-AxPPA-COPY_B,45,4,6,6,0.624520296,0.375479704
M-AxPPA-COPY_AB,45,4,6,6,0.624520670,0.375479330
M-AxPPA-COPY_BA,45,4,6,6,0.624495146,0.375504854
M-AxPPA-COPY_B,46,4,7,5,0.618526401,0.381473599
M-AxPPA-COPY_AB,46,4,7,5,0.618526292,0.381473708
M-AxPPA-COPY_BA,46,4,7,5,0.618510507,0.381489493
M-AxPPA-COPY_B,47,4,8,4,0.621629764,0.378370236
M-AxPPA-COPY_AB,47,4,8,4,0.621626988,0.378373012
M-AxPPA-COPY_BA,47,4,8,4,0.621613776,0.378386224
M-AxPPA-COPY_B,48,4,9,3,0.623411120,0.376588880
M-AxPPA-COPY_AB,48,4,9,3,0.623408266,0.376591734
M-AxPPA-COPY_BA,48,4,9,3,0.623409929,0.376590071
M-AxPPA-COPY_B,49,4,10,2,0.621455616,0.378544384
M-AxPPA-COPY_AB,49,4,10,2,0.621454909,0.378545091
M-AxPPA-COPY_BA,49,4,10,2,0.621454445,0.378545555
M-AxPPA-COPY_B,50,4,11,1,0.622562778,0.377437222
M-AxPPA-COPY_AB,50,4,11,1,0.622562070,0.377437930
M-AxPPA-COPY_BA,50,4,11,1,0.622562778,0.377437222
M-AxPPA-COPY_B,51,5,1,10,0.629551704,0.370448296
M-AxPPA-COPY_AB,51,5,1,10,0.629073156,0.370926844
M-AxPPA-COPY_BA,51,5,1,10,0.629834788,0.370165212
M-AxPPA-COPY_B,52,5,2,9,0.631552681,0.368447319
M-AxPPA-COPY_AB,52,5,2,9,0.631086657,0.368913343
M-AxPPA-COPY_BA,52,5,2,9,0.631402729,0.368597271
M-AxPPA-COPY_B,53,5,3,8,0.633655495,0.366344505
M-AxPPA-COPY_AB,53,5,3,8,0.633648643,0.366351357
M-AxPPA-COPY_BA,53,5,3,8,0.633521624,0.366478376
M-AxPPA-COPY_B,54,5,4,7,0.632254628,0.367745372
M-AxPPA-COPY_AB,54,5,4,7,0.632247525,0.367752475
M-AxPPA-COPY_BA,54,5,4,7,0.632228922,0.367771078
M-AxPPA-COPY_B,55,5,5,6,0.633052160,0.366947840
M-AxPPA-COPY_AB,55,5,5,6,0.633051823,0.366948177
M-AxPPA-COPY_BA,55,5,5,6,0.633027195,0.366972805
M-AxPPA-COPY_B,56,5,6,5,0.629337937,0.370662063
M-AxPPA-COPY_AB,56,5,6,5,0.629336450,0.370663550
M-AxPPA-COPY_BA,56,5,6,5,0.629321903,0.370678097
M-AxPPA-COPY_B,57,5,7,4,0.630314026,0.369685974
M-AxPPA-COPY_AB,57,5,7,4,0.630311242,0.369688758
M-AxPPA-COPY_BA,57,5,7,4,0.630298122,0.369701878
M-AxPPA-COPY_B,58,5,8,3,0.632598763,0.367401237
M-AxPPA-COPY_AB,58,5,8,3,0.632595718,0.367404282
M-AxPPA-COPY_BA,58,5,8,3,0.632597648,0.367402352
M-AxPPA-COPY_B,59,5,9,2,0.630967978,0.369032022
M-AxPPA-COPY_AB,59,5,9,2,0.630967295,0.369032705
M-AxPPA-COPY_BA,59,5,9,2,0.630966922,0.369033078
M-AxPPA-COPY_B,60,5,10,1,0.631657912,0.368342088
M-AxPPA-COPY_AB,60,5,10,1,0.631657279,0.368342721
M-AxPPA-COPY_BA,60,5,10,1,0.631657912,0.368342088
M-AxPPA-COPY_B,61,6,1,9,0.635667256,0.364332744
M-AxPPA-COPY_AB,61,6,1,9,0.635198214,0.364801786
M-AxPPA-COPY_BA,61,6,1,9,0.635516021,0.364483979
M-AxPPA-COPY_B,62,6,2,8,0.637845442,0.362154558
M-AxPPA-COPY_AB,62,6,2,8,0.637836375,0.362163625
M-AxPPA-COPY_BA,62,6,2,8,0.637710524,0.362289476
M-AxPPA-COPY_B,63,6,3,7,0.636452143,0.363547857
M-AxPPA-COPY_AB,63,6,3,7,0.636442804,0.363557196
M-AxPPA-COPY_BA,63,6,3,7,0.636427264,0.363572736
M-AxPPA-COPY_B,64,6,4,6,0.637202726,0.362797274
M-AxPPA-COPY_AB,64,6,4,6,0.637202427,0.362797573
M-AxPPA-COPY_BA,64,6,4,6,0.637178602,0.362821398
M-AxPPA-COPY_B,65,6,5,5,0.633413451,0.366586549
M-AxPPA-COPY_AB,65,6,5,5,0.633411987,0.366588013
M-AxPPA-COPY_BA,65,6,5,5,0.633397420,0.366602580
M-AxPPA-COPY_B,66,6,6,4,0.634309660,0.365690340
M-AxPPA-COPY_AB,66,6,6,4,0.634306857,0.365693143
M-AxPPA-COPY_BA,66,6,6,4,0.634293767,0.365706233
M-AxPPA-COPY_B,67,6,7,3,0.636781529,0.363218471
M-AxPPA-COPY_AB,67,6,7,3,0.636778468,0.363221532
M-AxPPA-COPY_BA,67,6,7,3,0.636780408,0.363219592
M-AxPPA-COPY_B,68,6,8,2,0.635055399,0.364944601
M-AxPPA-COPY_AB,68,6,8,2,0.635054711,0.364945289
M-AxPPA-COPY_BA,68,6,8,2,0.635054335,0.364945665
M-AxPPA-COPY_B,69,6,9,1,0.635838506,0.364161494
M-AxPPA-COPY_AB,69,6,9,1,0.635837871,0.364162129
M-AxPPA-COPY_BA,69,6,9,1,0.635838506,0.364161494
M-AxPPA-COPY_B,70,7,1,8,0.639288957,0.360711043
M-AxPPA-COPY_AB,70,7,1,8,0.639281898,0.360718102
M-AxPPA-COPY_BA,70,7,1,8,0.639154155,0.360845845
M-AxPPA-COPY_B,71,7,2,7,0.637897275,0.362102725
M-AxPPA-COPY_AB,71,7,2,7,0.637889953,0.362110047
M-AxPPA-COPY_BA,71,7,2,7,0.637873148,0.362126852
M-AxPPA-COPY_B,72,7,3,6,0.638653532,0.361346468
M-AxPPA-COPY_AB,72,7,3,6,0.638653239,0.361346761
M-AxPPA-COPY_BA,72,7,3,6,0.638630163,0.361369837
M-AxPPA-COPY_B,73,7,4,5,0.634832220,0.365167780
M-AxPPA-COPY_AB,73,7,4,5,0.634830751,0.365169249
M-AxPPA-COPY_BA,73,7,4,5,0.634816263,0.365183737
M-AxPPA-COPY_B,74,7,5,4,0.635808039,0.364191961
M-AxPPA-COPY_AB,74,7,5,4,0.635805215,0.364194785
M-AxPPA-COPY_BA,74,7,5,4,0.635792217,0.364207783
M-AxPPA-COPY_B,75,7,6,3,0.638225479,0.361774521
M-AxPPA-COPY_AB,75,7,6,3,0.638222399,0.361777601
M-AxPPA-COPY_BA,75,7,6,3,0.638224369,0.361775631
M-AxPPA-COPY_B,76,7,7,2,0.636436281,0.363563719
M-AxPPA-COPY_AB,76,7,7,2,0.636435590,0.363564410
M-AxPPA-COPY_BA,76,7,7,2,0.636435226,0.363564774
M-AxPPA-COPY_B,77,7,8,1,0.637293021,0.362706979
M-AxPPA-COPY_AB,77,7,8,1,0.637292383,0.362707617
M-AxPPA-COPY_BA,77,7,8,1,0.637293021,0.362706979
M-AxPPA-COPY_B,78,8,1,7,0.638676754,0.361323246
M-AxPPA-COPY_AB,78,8,1,7,0.638668604,0.361331396
M-AxPPA-COPY_BA,78,8,1,7,0.638652762,0.361347238
M-AxPPA-COPY_B,79,8,2,6,0.639422490,0.360577510
M-AxPPA-COPY_AB,79,8,2,6,0.639422120,0.360577880
M-AxPPA-COPY_BA,79,8,2,6,0.639399256,0.360600744
M-AxPPA-COPY_B,80,8,3,5,0.635571194,0.364428806
M-AxPPA-COPY_AB,80,8,3,5,0.635569645,0.364430355
M-AxPPA-COPY_BA,80,8,3,5,0.635555182,0.364444818
M-AxPPA-COPY_B,81,8,4,4,0.636543405,0.363456595
M-AxPPA-COPY_AB,81,8,4,4,0.636540589,0.363459411
M-AxPPA-COPY_BA,81,8,4,4,0.636527531,0.363472469
M-AxPPA-COPY_B,82,8,5,3,0.638997565,0.361002435
M-AxPPA-COPY_AB,82,8,5,3,0.638994494,0.361005506
M-AxPPA-COPY_BA,82,8,5,3,0.638996439,0.361003561
M-AxPPA-COPY_B,83,8,6,2,0.637206373,0.362793627
M-AxPPA-COPY_AB,83,8,6,2,0.637205684,0.362794316
M-AxPPA-COPY_BA,83,8,6,2,0.637205302,0.362794698
M-AxPPA-COPY_B,84,8,7,1,0.638049696,0.361950304
M-AxPPA-COPY_AB,84,8,7,1,0.638049059,0.361950941
M-AxPPA-COPY_BA,84,8,7,1,0.638049696,0.361950304
M-AxPPA-COPY_B,85,9,1,6,0.639783948,0.360216052
M-AxPPA-COPY_AB,85,9,1,6,0.639783652,0.360216348
M-AxPPA-COPY_BA,85,9,1,6,0.639760570,0.360239430
M-AxPPA-COPY_B,86,9,2,5,0.635915231,0.364084769
M-AxPPA-COPY_AB,86,9,2,5,0.635913757,0.364086243
M-AxPPA-COPY_BA,86,9,2,5,0.635899214,0.364100786
M-AxPPA-COPY_B,87,9,3,4,0.636891092,0.363108908
M-AxPPA-COPY_AB,87,9,3,4,0.636888291,0.363111709
M-AxPPA-COPY_BA,87,9,3,4,0.636875214,0.363124786
M-AxPPA-COPY_B,88,9,4,3,0.639356302,0.360643698
M-AxPPA-COPY_AB,88,9,4,3,0.639353246,0.360646754
M-AxPPA-COPY_BA,88,9,4,3,0.639355172,0.360644828
M-AxPPA-COPY_B,89,9,5,2,0.637557086,0.362442914
M-AxPPA-COPY_AB,89,9,5,2,0.637556395,0.362443605
M-AxPPA-COPY_BA,89,9,5,2,0.637556011,0.362443989
M-AxPPA-COPY_B,90,9,6,1,0.638411021,0.361588979
M-AxPPA-COPY_AB,90,9,6,1,0.638410382,0.361589618
M-AxPPA-COPY_BA,90,9,6,1,0.638411021,0.361588979
M-AxPPA-COPY_B,91,10,1,5,0.636111585,0.363888415
M-AxPPA-COPY_AB,91,10,1,5,0.636110093,0.363889907
M-AxPPA-COPY_BA,91,10,1,5,0.636095586,0.363904414
M-AxPPA-COPY_B,92,10,2,4,0.637086660,0.362913340
M-AxPPA-COPY_AB,92,10,2,4,0.637083860,0.362916140
M-AxPPA-COPY_BA,92,10,2,4,0.637070800,0.362929200
M-AxPPA-COPY_B,93,10,3,3,0.639555054,0.360444946
M-AxPPA-COPY_AB,93,10,3,3,0.639552000,0.360448000
M-AxPPA-COPY_BA,93,10,3,3,0.639553920,0.360446080
M-AxPPA-COPY_B,94,10,4,2,0.637751920,0.362248080
M-AxPPA-COPY_AB,94,10,4,2,0.637751229,0.362248771
M-AxPPA-COPY_BA,94,10,4,2,0.637750841,0.362249159
M-AxPPA-COPY_B,95,10,5,1,0.638609912,0.361390088
M-AxPPA-COPY_AB,95,10,5,1,0.638609273,0.361390727
M-AxPPA-COPY_BA,95,10,5,1,0.638609912,0.361390088
M-AxPPA-COPY_B,96,11,1,4,0.637145596,0.362854404
M-AxPPA-COPY_AB,96,11,1,4,0.637142798,0.362857202
M-AxPPA-COPY_BA,96,11,1,4,0.637129744,0.362870256
M-AxPPA-COPY_B,97,11,2,3,0.639618201,0.360381799
M-AxPPA-COPY_AB,97,11,2,3,0.639615150,0.360384850
M-AxPPA-COPY_BA,97,11,2,3,0.639617067,0.360382933
M-AxPPA-COPY_B,98,11,3,2,0.637811385,0.362188615
M-AxPPA-COPY_AB,98,11,3,2,0.637810695,0.362189305
M-AxPPA-COPY_BA,98,11,3,2,0.637810306,0.362189694
M-AxPPA-COPY_B,99,11,4,1,0.638672668,0.361327332
M-AxPPA-COPY_AB,99,11,4,1,0.638672029,0.361327971
M-AxPPA-COPY_BA,99,11,4,1,0.638672668,0.361327332
M-AxPPA-COPY_B,100,12,1,3,0.639656723,0.360343277
M-AxPPA-COPY_AB,100,12,1,3,0.639653669,0.360346331
M-AxPPA-COPY_BA,100,12,1,3,0.639655590,0.360344410
M-AxPPA-COPY_B,101,12,2,2,0.637850021,0.362149979
M-AxPPA-COPY_AB,101,12,2,2,0.637849330,0.362150670
M-AxPPA-COPY_BA,101,12,2,2,0.637848942,0.362151058
M-AxPPA-COPY_B,102,12,3,1,0.638711985,0.361288015
M-AxPPA-COPY_AB,102,12,3,1,0.638711346,0.361288654
M-AxPPA-COPY_BA,102,12,3,1,0.638711985,0.361288015
M-AxPPA-COPY_B,103,13,1,2,0.637867466,0.362132534
M-AxPPA-COPY_AB,103,13,1,2,0.637866775,0.362133225
M-AxPPA-COPY_BA,103,13,1,2,0.637866387,0.362133613
M-AxPPA-COPY_B,104,13,2,1,0.638729375,0.361270625
M-AxPPA-COPY_AB,104,13,2,1,0.638728736,0.361271264
M-AxPPA-COPY_BA,104,13,2,1,0.638729375,0.361270625
M-AxPPA-COPY_B,105,14,1,1,0.638740198,0.361259802
M-AxPPA-COPY_AB,105,14,1,1,0.638739559,0.361260441
M-AxPPA-COPY_BA,105,14,1,1,0.638740198,0.361259802
