architecture_id,family,variant,strategy,w_bits,m_bits,l_bits,k_bits,configuration,is_literature_baseline,selected_for_synthesis,ssim,ncc,mae,mre,mred,error_class,energy_saving_pct,area_saving_pct,power_mw,area_um2,delay_ns,pdp,edp,balanced_score,profile,pareto_energy_error,pareto_area_error,is_acceptable_mred_010,is_acceptable_mred_005
1,M-AxPPA,M-AxPPA-COPY,COPY,16,1,1,14,"M=1, L=1, K=14",0,0,0.902,0.948,12280.0,0.208,0.13690627151044535,Erro moderado,95.7913,71.6153,0.052609,283.847,3.46875,0.182488,0.633006,0.796433,Prioridade em area,1,0,0,0
2,M-AxPPA,M-AxPPA-COPY,COPY,16,1,2,13,"M=1, L=2, K=13",0,0,0.91495,0.965503,10274.991,0.178387,0.119389,Erro moderado,89.791,67.263,0.127612,327.37,3.578125,0.456612,1.633813,0.785094,Prioridade em area,0,0,0,0
3,M-AxPPA,M-AxPPA-COPY,COPY,16,1,3,12,"M=1, L=3, K=12",0,0,0.926615,0.970244,8870.609,0.154139,0.100555,Erro moderado,85.8329,64.6188,0.177088,353.812,3.6875,0.653013,2.407986,0.78631,Prioridade em energia,0,0,0,0
4,M-AxPPA,M-AxPPA-COPY,COPY,16,1,4,11,"M=1, L=4, K=11",0,0,0.939279,0.975373,7352.9,0.127407,0.08469,Erro controlado,80.8701,60.6563,0.239124,393.437,3.796875,0.907924,3.447275,0.777679,Alta economia com erro controlado,0,0,1,0
5,M-AxPPA,M-AxPPA-COPY,COPY,16,1,5,10,"M=1, L=5, K=10",0,0,0.94979,0.979636,6104.879,0.105361,0.069929,Erro controlado,76.437,58.1959,0.294538,418.041,3.90625,1.150539,4.494295,0.773021,Trade-off intermediario,0,0,1,0
6,M-AxPPA,M-AxPPA-COPY,COPY,16,1,6,9,"M=1, L=6, K=9",0,0,0.958588,0.983209,5048.049,0.08699,0.056657,Erro controlado,72.2837,54.2827,0.346454,457.173,4.015625,1.391229,5.586656,0.764471,Trade-off intermediario,0,0,1,0
7,M-AxPPA,M-AxPPA-COPY,COPY,16,1,7,8,"M=1, L=7, K=8",0,1,0.966743,0.98652,4089.533,0.069966,0.044319,Baixo erro,67.4021,51.7391,0.407474,482.609,4.125,1.680829,6.933421,0.755298,Prioridade em acuracia,0,0,1,1
8,M-AxPPA,M-AxPPA-COPY,COPY,16,1,8,7,"M=1, L=8, K=7",0,0,0.974355,0.989604,3117.15,0.053924,0.034484,Baixo erro,63.2381,48.5008,0.459523,514.992,4.234375,1.945794,8.239221,0.744334,Prioridade em acuracia,0,0,1,1
9,M-AxPPA,M-AxPPA-COPY,COPY,16,1,9,6,"M=1, L=9, K=6",0,0,0.980489,0.992094,2373.733,0.041103,0.025379,Baixo erro,58.4484,45.502,0.519394,544.98,4.34375,2.25612,9.80002,0.730843,Prioridade em acuracia,0,0,1,1
10,M-AxPPA,M-AxPPA-COPY,COPY,16,1,10,5,"M=1, L=10, K=5",0,0,0.987087,0.99476,1605.625,0.027032,0.018711,Baixo erro,55.3814,40.8302,0.557732,591.698,4.453125,2.483652,11.060014,0.71706,Prioridade em acuracia,0,0,1,1
11,M-AxPPA,M-AxPPA-COPY,COPY,16,1,11,4,"M=1, L=11, K=4",0,0,0.99061,0.996195,1176.688,0.019784,0.012191,Baixo erro,49.1481,37.2942,0.635648,627.058,4.5625,2.900146,13.231916,0.694315,Prioridade em acuracia,0,0,1,1
12,M-AxPPA,M-AxPPA-COPY,COPY,16,1,12,3,"M=1, L=12, K=3",0,0,0.99388,0.997526,781.315,0.013012,0.00661,Baixo erro,45.1909,35.6181,0.685114,643.819,4.671875,3.200766,14.953577,0.682757,Prioridade em acuracia,0,0,1,1
13,M-AxPPA,M-AxPPA-COPY,COPY,16,1,13,2,"M=1, L=13, K=2",0,0,0.996517,0.998592,476.136,0.007419,0.003618,Baixo erro,41.3387,31.8435,0.733267,681.565,4.78125,3.505931,16.762735,0.664016,Prioridade em acuracia,0,0,1,1
14,M-AxPPA,M-AxPPA-COPY,COPY,16,1,14,1,"M=1, L=14, K=1",0,1,0.998306,0.999315,181.729,0.003612,0.001725,Baixo erro,35.1634,26.9875,0.810457,730.125,4.890625,3.963643,19.384693,0.633349,Prioridade em acuracia,0,0,1,1
15,M-AxPPA,M-AxPPA-COPY,COPY,16,2,1,13,"M=2, L=1, K=13",0,1,0.915055,0.965548,10218.852,0.178238,0.118451,Erro moderado,90.167,67.86,0.122913,321.4,3.578125,0.439798,1.573653,0.788814,Prioridade em area,0,0,0,0
16,M-AxPPA,M-AxPPA-COPY,COPY,16,2,2,12,"M=2, L=2, K=12",0,0,0.927579,0.97063,8738.146,0.151998,0.10054,Erro moderado,85.4121,62.3873,0.182348,376.127,3.6875,0.672409,2.479507,0.779887,Prioridade em energia,0,0,0,0
17,M-AxPPA,M-AxPPA-COPY,COPY,16,2,3,11,"M=2, L=3, K=11",0,0,0.938525,0.97507,7435.603,0.129062,0.084939,Erro controlado,81.5645,61.1708,0.230444,388.292,3.796875,0.874965,3.322134,0.781017,Alta economia com erro controlado,0,0,1,0
18,M-AxPPA,M-AxPPA-COPY,COPY,16,2,4,10,"M=2, L=4, K=10",0,0,0.949613,0.979565,6149.653,0.105747,0.070021,Erro controlado,75.6717,57.6117,0.304104,423.883,3.90625,1.187908,4.640264,0.768891,Trade-off intermediario,0,0,1,0
19,M-AxPPA,M-AxPPA-COPY,COPY,16,2,5,9,"M=2, L=5, K=9",0,0,0.958493,0.983168,5022.892,0.087136,0.05739,Erro controlado,71.0953,54.6974,0.361308,453.026,4.015625,1.450879,5.826187,0.760319,Trade-off intermediario,0,0,1,0
20,M-AxPPA,M-AxPPA-COPY,COPY,16,2,6,8,"M=2, L=6, K=8",0,0,0.966913,0.986587,4032.631,0.069562,0.044589,Baixo erro,66.2474,50.0749,0.421908,499.251,4.125,1.740369,7.179023,0.747188,Prioridade em acuracia,0,0,1,1
21,M-AxPPA,M-AxPPA-COPY,COPY,16,2,7,7,"M=2, L=7, K=7",0,0,0.974012,0.989465,3189.476,0.054636,0.035039,Baixo erro,63.6183,46.1592,0.454772,538.408,4.234375,1.925674,8.154025,0.739887,Prioridade em acuracia,0,0,1,1
22,M-AxPPA,M-AxPPA-COPY,COPY,16,2,8,6,"M=2, L=8, K=6",0,0,0.980891,0.992251,2373.006,0.040123,0.026348,Baixo erro,57.8827,43.2038,0.526466,567.962,4.34375,2.286837,9.93345,0.722648,Prioridade em acuracia,0,0,1,1
23,M-AxPPA,M-AxPPA-COPY,COPY,16,2,9,5,"M=2, L=9, K=5",0,0,0.987048,0.994751,1595.812,0.027267,0.017036,Baixo erro,52.3171,39.0616,0.596036,609.384,4.453125,2.654222,11.819583,0.704089,Prioridade em acuracia,0,0,1,1
24,M-AxPPA,M-AxPPA-COPY,COPY,16,2,10,4,"M=2, L=10, K=4",0,0,0.991454,0.996537,1108.615,0.018003,0.011109,Baixo erro,48.9111,36.2602,0.638612,637.398,4.5625,2.913666,13.2936,0.692399,Prioridade em acuracia,0,0,1,1
25,M-AxPPA,M-AxPPA-COPY,COPY,16,2,11,3,"M=2, L=11, K=3",0,0,0.994091,0.997611,764.007,0.012559,0.006439,Baixo erro,45.5462,33.3373,0.680672,666.627,4.671875,3.180015,14.856631,0.679172,Prioridade em acuracia,0,0,1,1
26,M-AxPPA,M-AxPPA-COPY,COPY,16,2,12,2,"M=2, L=12, K=2",0,0,0.997153,0.998845,361.202,0.005956,0.004167,Baixo erro,38.6802,31.5813,0.766498,684.187,4.78125,3.664819,17.522417,0.653324,Prioridade em acuracia,0,0,1,1
27,M-AxPPA,M-AxPPA-COPY,COPY,16,2,13,1,"M=2, L=13, K=1",0,0,0.998839,0.999533,160.828,0.002512,0.000765,Baixo erro,36.0796,27.4824,0.799004,725.176,4.890625,3.907631,19.110757,0.638797,Prioridade em acuracia,0,0,1,1
28,M-AxPPA,M-AxPPA-COPY,COPY,16,3,1,12,"M=3, L=1, K=12",0,1,0.927575,0.970624,8783.629,0.151926,0.101463,Erro moderado,85.2149,61.8603,0.184813,381.397,3.6875,0.681499,2.513027,0.776978,Prioridade em energia,0,0,0,0
29,M-AxPPA,M-AxPPA-COPY,COPY,16,3,2,11,"M=3, L=2, K=11",0,0,0.93893,0.975234,7436.56,0.12819,0.084604,Erro controlado,79.4573,60.4858,0.256784,395.142,3.796875,0.974978,3.701868,0.772353,Trade-off intermediario,0,0,1,0
30,M-AxPPA,M-AxPPA-COPY,COPY,16,3,3,10,"M=3, L=3, K=10",0,0,0.949297,0.97944,6120.162,0.106485,0.069626,Erro controlado,75.8924,55.2386,0.301344,447.614,3.90625,1.177127,4.598151,0.764874,Trade-off intermediario,0,0,1,0
31,M-AxPPA,M-AxPPA-COPY,COPY,16,3,4,9,"M=3, L=4, K=9",0,0,0.959293,0.983488,4972.129,0.085359,0.057383,Erro controlado,71.3683,52.7936,0.357896,472.064,4.015625,1.437178,5.771167,0.75709,Trade-off intermediario,0,0,1,0
32,M-AxPPA,M-AxPPA-COPY,COPY,16,3,5,8,"M=3, L=5, K=8",0,0,0.967411,0.986787,3971.592,0.068479,0.044346,Baixo erro,65.1407,48.4468,0.435741,515.532,4.125,1.797431,7.414404,0.739908,Prioridade em acuracia,0,0,1,1
33,M-AxPPA,M-AxPPA-COPY,COPY,16,3,6,7,"M=3, L=6, K=7",0,0,0.974087,0.989496,3214.544,0.054493,0.034774,Baixo erro,61.1955,47.2504,0.485057,527.496,4.234375,2.053912,8.697033,0.733946,Prioridade em acuracia,0,0,1,1
34,M-AxPPA,M-AxPPA-COPY,COPY,16,3,7,6,"M=3, L=7, K=6",0,0,0.980794,0.992219,2389.263,0.040489,0.024642,Baixo erro,57.3515,43.6363,0.533106,563.637,4.34375,2.31568,10.058735,0.723628,Prioridade em acuracia,0,0,1,1
35,M-AxPPA,M-AxPPA-COPY,COPY,16,3,8,5,"M=3, L=8, K=5",0,0,0.986472,0.994517,1659.467,0.028462,0.018002,Baixo erro,52.7542,38.5988,0.590573,614.012,4.453125,2.629896,11.711255,0.703539,Prioridade em acuracia,0,0,1,1
36,M-AxPPA,M-AxPPA-COPY,COPY,16,3,9,4,"M=3, L=9, K=4",0,0,0.991033,0.99637,1122.043,0.01896,0.010867,Baixo erro,47.6321,35.8182,0.654599,641.818,4.5625,2.986609,13.626402,0.687126,Prioridade em acuracia,0,0,1,1
37,M-AxPPA,M-AxPPA-COPY,COPY,16,3,10,3,"M=3, L=10, K=3",0,0,0.994685,0.997843,700.82,0.011128,0.007673,Baixo erro,42.5083,32.838,0.718646,671.62,4.671875,3.357423,15.685459,0.665829,Prioridade em acuracia,0,0,1,1
38,M-AxPPA,M-AxPPA-COPY,COPY,16,3,11,2,"M=3, L=11, K=2",0,0,0.99744,0.998963,307.19,0.005396,0.003295,Baixo erro,39.7522,29.6299,0.753097,703.701,4.78125,3.600745,17.216064,0.653817,Prioridade em acuracia,0,0,1,1
39,M-AxPPA,M-AxPPA-COPY,COPY,16,3,12,1,"M=3, L=12, K=1",0,0,0.99799,0.999188,240.406,0.004293,0.001969,Baixo erro,33.5661,27.5719,0.830424,724.281,4.890625,4.061294,19.862264,0.628663,Prioridade em acuracia,0,0,1,1
40,M-AxPPA,M-AxPPA-COPY,COPY,16,4,1,11,"M=4, L=1, K=11",0,1,0.93865,0.975119,7400.406,0.128747,0.08534,Erro controlado,79.4353,57.5835,0.257059,424.165,3.796875,0.97602,3.705826,0.765025,Trade-off intermediario,0,0,1,0
41,M-AxPPA,M-AxPPA-COPY,COPY,16,4,2,10,"M=4, L=2, K=10",0,0,0.948994,0.979316,6212.383,0.107081,0.070479,Erro controlado,74.6932,54.9024,0.316336,450.976,3.90625,1.235686,4.826898,0.758887,Trade-off intermediario,0,0,1,0
42,M-AxPPA,M-AxPPA-COPY,COPY,16,4,3,9,"M=4, L=3, K=9",0,0,0.95885,0.983316,4996.824,0.086458,0.056086,Erro controlado,69.254,52.1144,0.384326,478.856,4.015625,1.543307,6.197343,0.749496,Trade-off intermediario,0,0,1,0
43,M-AxPPA,M-AxPPA-COPY,COPY,16,4,4,8,"M=4, L=4, K=8",0,0,0.96796,0.987,3933.924,0.067108,0.046033,Baixo erro,65.838,48.2736,0.427024,517.264,4.125,1.761476,7.266088,0.740116,Prioridade em acuracia,0,0,1,1
44,M-AxPPA,M-AxPPA-COPY,COPY,16,4,5,7,"M=4, L=5, K=7",0,0,0.974402,0.989624,3104.435,0.053837,0.034287,Baixo erro,60.8154,46.1477,0.489808,538.523,4.234375,2.074029,8.782218,0.730697,Prioridade em acuracia,0,0,1,1
45,M-AxPPA,M-AxPPA-COPY,COPY,16,4,6,6,"M=4, L=6, K=6",0,0,0.980771,0.992203,2332.197,0.040378,0.026469,Baixo erro,55.4742,43.704,0.556572,562.96,4.34375,2.417611,10.501496,0.715016,Prioridade em acuracia,0,0,1,1
46,M-AxPPA,M-AxPPA-COPY,COPY,16,4,7,5,"M=4, L=7, K=5",0,0,0.986848,0.994671,1656.613,0.027713,0.017023,Baixo erro,50.8843,39.1355,0.613946,608.645,4.453125,2.733979,12.174751,0.69915,Prioridade em acuracia,0,0,1,1
47,M-AxPPA,M-AxPPA-COPY,COPY,16,4,8,4,"M=4, L=8, K=4",0,0,0.990938,0.996332,1137.269,0.019173,0.010857,Baixo erro,47.3926,37.1173,0.657593,628.827,4.5625,3.000267,13.688716,0.689156,Prioridade em acuracia,0,0,1,1
48,M-AxPPA,M-AxPPA-COPY,COPY,16,4,9,3,"M=4, L=9, K=3",0,0,0.994686,0.997849,707.651,0.011254,0.006252,Baixo erro,42.9581,32.1308,0.713024,678.692,4.671875,3.331158,15.562756,0.66747,Prioridade em acuracia,0,0,1,1
49,M-AxPPA,M-AxPPA-COPY,COPY,16,4,10,2,"M=4, L=10, K=2",0,0,0.9987,0.9993,10300.0,0.0202,0.002673596410884164,Baixo erro,38.2096,29.5049,0.77238,704.951,4.78125,3.692943,17.656886,0.64873,Prioridade em acuracia,0,0,1,1
50,M-AxPPA,M-AxPPA-COPY,COPY,16,4,11,1,"M=4, L=11, K=1",0,0,0.998365,0.999344,201.319,0.003582,0.000587,Baixo erro,34.8889,25.1227,0.813889,748.773,4.890625,3.980427,19.466773,0.629524,Prioridade em acuracia,0,0,1,1
51,M-AxPPA,M-AxPPA-COPY,COPY,16,5,1,10,"M=5, L=1, K=10",0,0,0.948746,0.979216,6215.391,0.107617,0.070656,Erro controlado,72.7296,55.8079,0.34088,441.921,3.90625,1.331562,5.201415,0.753678,Trade-off intermediario,0,0,1,0
52,M-AxPPA,M-AxPPA-COPY,COPY,16,5,2,9,"M=5, L=2, K=9",0,0,0.958933,0.983348,4977.52,0.086257,0.056283,Erro controlado,68.9713,52.3397,0.387859,476.603,4.015625,1.557496,6.254322,0.748763,Trade-off intermediario,0,0,1,0
53,M-AxPPA,M-AxPPA-COPY,COPY,16,5,3,8,"M=5, L=3, K=8",0,0,0.967632,0.986872,3926.858,0.067902,0.045308,Baixo erro,65.1047,49.1352,0.436191,508.648,4.125,1.799289,7.422069,0.740219,Prioridade em acuracia,0,0,1,1
54,M-AxPPA,M-AxPPA-COPY,COPY,16,5,4,7,"M=5, L=4, K=7",0,0,0.975321,0.989993,3037.467,0.05184,0.03377,Baixo erro,60.8144,44.5936,0.489819,554.064,4.234375,2.074079,8.782428,0.727837,Prioridade em acuracia,0,0,1,1
55,M-AxPPA,M-AxPPA-COPY,COPY,16,5,5,6,"M=5, L=5, K=6",0,0,0.981726,0.992585,2274.917,0.038268,0.026342,Baixo erro,54.6095,41.8788,0.567381,581.212,4.34375,2.464561,10.705435,0.708033,Prioridade em acuracia,0,0,1,1
56,M-AxPPA,M-AxPPA-COPY,COPY,16,5,6,5,"M=5, L=6, K=5",0,0,0.98747,0.994919,1569.737,0.026305,0.017317,Baixo erro,51.9087,37.5277,0.601142,624.723,4.453125,2.676959,11.920832,0.698921,Prioridade em acuracia,0,0,1,1
57,M-AxPPA,M-AxPPA-COPY,COPY,16,5,7,4,"M=5, L=7, K=4",0,0,0.991757,0.99666,1071.411,0.017355,0.010821,Baixo erro,47.2793,35.0259,0.659009,649.741,4.5625,3.006726,13.718189,0.684165,Prioridade em acuracia,0,0,1,1
58,M-AxPPA,M-AxPPA-COPY,COPY,16,5,8,3,"M=5, L=8, K=3",0,0,0.994715,0.99786,695.045,0.011155,0.006623,Baixo erro,42.5314,32.1814,0.718357,678.186,4.671875,3.356074,15.67916,0.665641,Prioridade em acuracia,0,0,1,1
59,M-AxPPA,M-AxPPA-COPY,COPY,16,5,9,2,"M=5, L=9, K=2",0,0,0.99688,0.998742,374.516,0.006704,0.002587,Baixo erro,38.2632,27.2767,0.77171,727.233,4.78125,3.689737,17.641556,0.644089,Prioridade em acuracia,0,0,1,1
60,M-AxPPA,M-AxPPA-COPY,COPY,16,5,10,1,"M=5, L=10, K=1",0,0,0.998825,0.999526,153.902,0.002523,0.000988,Baixo erro,33.6316,25.069,0.829605,749.31,4.890625,4.057287,19.842667,0.624464,Prioridade em acuracia,0,0,1,1
61,M-AxPPA,M-AxPPA-COPY,COPY,16,6,1,9,"M=6, L=1, K=9",0,0,0.958678,0.983242,5064.945,0.086729,0.057344,Erro controlado,68.0824,49.7852,0.39897,502.148,4.015625,1.602115,6.433491,0.738742,Trade-off intermediario,0,0,1,0
62,M-AxPPA,M-AxPPA-COPY,COPY,16,6,2,8,"M=6, L=2, K=8",0,0,0.968045,0.987038,3885.789,0.06702,0.044893,Baixo erro,63.31,46.4673,0.458625,535.327,4.125,1.891829,7.803796,0.728374,Prioridade em acuracia,0,0,1,1
63,M-AxPPA,M-AxPPA-COPY,COPY,16,6,3,7,"M=6, L=3, K=7",0,0,0.974516,0.98967,3101.741,0.053602,0.034082,Baixo erro,60.5245,44.4806,0.493444,555.194,4.234375,2.089428,8.84742,0.726201,Prioridade em acuracia,0,0,1,1
64,M-AxPPA,M-AxPPA-COPY,COPY,16,6,4,6,"M=6, L=4, K=6",0,0,0.981543,0.992516,2256.483,0.038765,0.025331,Baixo erro,56.1114,41.2455,0.548608,587.545,4.34375,2.383014,10.351218,0.713134,Prioridade em acuracia,0,0,1,1
65,M-AxPPA,M-AxPPA-COPY,COPY,16,6,5,5,"M=6, L=5, K=5",0,1,0.987249,0.994825,1572.82,0.026679,0.018643,Baixo erro,49.7986,38.5217,0.627518,614.783,4.453125,2.794415,12.44388,0.692091,Prioridade em acuracia,0,0,1,1
66,M-AxPPA,M-AxPPA-COPY,COPY,16,6,6,4,"M=6, L=6, K=4",0,0,0.990925,0.996324,1101.121,0.019134,0.011613,Baixo erro,45.1024,34.0995,0.68622,659.005,4.5625,3.130879,14.284635,0.673449,Prioridade em acuracia,0,0,1,1
67,M-AxPPA,M-AxPPA-COPY,COPY,16,6,7,3,"M=6, L=7, K=3",0,0,0.994183,0.997644,773.2,0.012278,0.007306,Baixo erro,41.9709,32.2117,0.725364,677.883,4.671875,3.388809,15.832092,0.662937,Prioridade em acuracia,0,0,1,1
68,M-AxPPA,M-AxPPA-COPY,COPY,16,6,8,2,"M=6, L=8, K=2",0,0,0.996742,0.998681,391.033,0.006898,0.00386,Baixo erro,36.3466,26.8235,0.795667,731.765,4.78125,3.804284,18.189233,0.634809,Prioridade em acuracia,0,0,1,1
69,M-AxPPA,M-AxPPA-COPY,COPY,16,6,9,1,"M=6, L=9, K=1",0,0,0.998843,0.999535,148.695,0.002524,0.000524,Baixo erro,31.8864,25.6531,0.85142,743.469,4.890625,4.163978,20.364453,0.620046,Prioridade em acuracia,0,0,1,1
70,M-AxPPA,M-AxPPA-COPY,COPY,16,7,1,8,"M=7, L=1, K=8",0,0,0.968176,0.987091,3921.545,0.066738,0.044802,Baixo erro,63.8496,48.23,0.45188,517.7,4.125,1.864007,7.689028,0.734303,Prioridade em acuracia,0,0,1,1
71,M-AxPPA,M-AxPPA-COPY,COPY,16,7,2,7,"M=7, L=2, K=7",0,0,0.975353,0.990001,3012.642,0.05165,0.035109,Baixo erro,58.4467,45.1389,0.519416,548.611,4.234375,2.199403,9.313098,0.71908,Prioridade em acuracia,0,0,1,1
72,M-AxPPA,M-AxPPA-COPY,COPY,16,7,3,6,"M=7, L=3, K=6",0,0,0.981609,0.992538,2300.312,0.038525,0.026358,Baixo erro,54.1628,40.4931,0.572965,595.069,4.34375,2.488819,10.810806,0.703354,Prioridade em acuracia,0,0,1,1
73,M-AxPPA,M-AxPPA-COPY,COPY,16,7,4,5,"M=7, L=4, K=5",0,1,0.986927,0.994698,1592.433,0.027434,0.01819,Baixo erro,50.6433,37.2415,0.616958,627.585,4.453125,2.747392,12.23448,0.692785,Prioridade em acuracia,0,0,1,1
74,M-AxPPA,M-AxPPA-COPY,COPY,16,7,5,4,"M=7, L=5, K=4",0,0,0.991729,0.996642,1038.52,0.017278,0.012406,Baixo erro,45.8009,34.5108,0.677489,654.892,4.5625,3.091044,14.102886,0.675961,Prioridade em acuracia,0,0,1,1
75,M-AxPPA,M-AxPPA-COPY,COPY,16,7,6,3,"M=7, L=6, K=3",0,0,0.994882,0.997924,613.596,0.010744,0.007087,Baixo erro,39.5207,30.8494,0.755992,691.506,4.671875,3.531898,16.500586,0.651419,Prioridade em acuracia,0,0,1,1
76,M-AxPPA,M-AxPPA-COPY,COPY,16,7,7,2,"M=7, L=7, K=2",0,0,0.997306,0.99891,378.764,0.005709,0.003124,Baixo erro,36.758,27.3773,0.790525,726.227,4.78125,3.779698,18.071681,0.638332,Prioridade em acuracia,0,0,1,1
77,M-AxPPA,M-AxPPA-COPY,COPY,16,7,8,1,"M=7, L=8, K=1",0,0,0.999301,0.999713,58.209,0.001377,0.001975,Baixo erro,31.0084,22.7617,0.862395,772.383,4.890625,4.21765,20.626945,0.608879,Prioridade em acuracia,0,0,1,1
78,M-AxPPA,M-AxPPA-COPY,COPY,16,8,1,7,"M=8, L=1, K=7",0,0,0.97555,0.990081,3007.623,0.05125,0.034687,Baixo erro,58.3393,42.6457,0.520758,573.543,4.234375,2.205086,9.337162,0.713656,Prioridade em acuracia,0,0,1,1
79,M-AxPPA,M-AxPPA-COPY,COPY,16,8,2,6,"M=8, L=2, K=6",0,0,0.982005,0.992703,2250.887,0.037799,0.02464,Baixo erro,53.6525,39.6681,0.579343,603.319,4.34375,2.516522,10.931143,0.70164,Prioridade em acuracia,0,0,1,1
80,M-AxPPA,M-AxPPA-COPY,COPY,16,8,3,5,"M=8, L=3, K=5",0,1,0.98743,0.9949,1567.949,0.026343,0.017898,Baixo erro,49.3148,36.1468,0.633565,638.532,4.453125,2.821344,12.563796,0.685947,Prioridade em acuracia,0,0,1,1
81,M-AxPPA,M-AxPPA-COPY,COPY,16,8,4,4,"M=8, L=4, K=4",0,0,0.991669,0.996621,1045.594,0.017483,0.011592,Baixo erro,43.2142,34.2861,0.709823,657.139,4.5625,3.238568,14.775966,0.667142,Prioridade em acuracia,0,0,1,1
82,M-AxPPA,M-AxPPA-COPY,COPY,16,8,5,3,"M=8, L=5, K=3",0,0,0.99447,0.997764,723.668,0.011759,0.005955,Baixo erro,39.4118,31.3323,0.757353,686.677,4.671875,3.538258,16.5303,0.653373,Prioridade em acuracia,0,0,1,1
83,M-AxPPA,M-AxPPA-COPY,COPY,16,8,6,2,"M=8, L=6, K=2",0,0,0.997856,0.999131,296.539,0.00451,0.002867,Baixo erro,34.6777,27.9691,0.816529,720.309,4.78125,3.904029,18.666139,0.632501,Prioridade em acuracia,0,0,1,1
84,M-AxPPA,M-AxPPA-COPY,COPY,16,8,7,1,"M=8, L=7, K=1",0,0,0.999235,0.999692,126.932,0.001642,0.000642,Baixo erro,31.7468,22.1226,0.853164,778.774,4.890625,4.172507,20.406168,0.611603,Prioridade em acuracia,0,0,1,1
85,M-AxPPA,M-AxPPA-COPY,COPY,16,9,1,6,"M=9, L=1, K=6",0,0,0.982272,0.992808,2222.788,0.037149,0.025273,Baixo erro,52.9707,38.8673,0.587867,611.327,4.34375,2.553546,11.091967,0.696721,Prioridade em acuracia,0,0,1,1
86,M-AxPPA,M-AxPPA-COPY,COPY,16,9,2,5,"M=9, L=2, K=5",0,0,0.986534,0.994546,1653.374,0.02843,0.016812,Baixo erro,48.8164,36.4398,0.639795,635.602,4.453125,2.849088,12.687346,0.686038,Prioridade em acuracia,0,0,1,1
87,M-AxPPA,M-AxPPA-COPY,COPY,16,9,3,4,"M=9, L=3, K=4",0,0,0.991924,0.996721,1038.952,0.016858,0.012248,Baixo erro,44.6336,31.6248,0.69208,683.752,4.5625,3.157617,14.406626,0.665585,Prioridade em acuracia,0,0,1,1
88,M-AxPPA,M-AxPPA-COPY,COPY,16,9,4,3,"M=9, L=4, K=3",0,0,0.994607,0.997818,660.415,0.01143,0.006242,Baixo erro,39.2582,30.1002,0.759273,698.998,4.671875,3.547228,16.572204,0.649775,Prioridade em acuracia,0,0,1,1
89,M-AxPPA,M-AxPPA-COPY,COPY,16,9,5,2,"M=9, L=5, K=2",0,0,0.997103,0.998827,383.42,0.006132,0.003438,Baixo erro,33.3366,24.7883,0.833292,752.117,4.78125,3.984177,19.049347,0.620031,Prioridade em acuracia,0,0,1,1
90,M-AxPPA,M-AxPPA-COPY,COPY,16,9,6,1,"M=9, L=6, K=1",0,0,0.998355,0.999337,174.714,0.003541,0.001274,Baixo erro,30.5747,22.3132,0.867816,776.868,4.890625,4.244165,20.756618,0.607127,Prioridade em acuracia,0,0,1,1
91,M-AxPPA,M-AxPPA-COPY,COPY,16,10,1,5,"M=10, L=1, K=5",0,1,0.986832,0.994664,1649.873,0.027731,0.017221,Baixo erro,47.047,35.5008,0.661913,644.992,4.453125,2.94758,13.125944,0.677181,Prioridade em acuracia,0,0,1,1
92,M-AxPPA,M-AxPPA-COPY,COPY,16,10,2,4,"M=10, L=2, K=4",0,0,0.991153,0.996419,1082.733,0.018717,0.010606,Baixo erro,43.0335,32.5014,0.712082,674.986,4.5625,3.248872,14.822978,0.663658,Prioridade em acuracia,0,0,1,1
93,M-AxPPA,M-AxPPA-COPY,COPY,16,10,3,3,"M=10, L=3, K=3",0,0,0.99571,0.998258,529.508,0.008951,0.006566,Baixo erro,39.3116,28.3291,0.758606,716.709,4.671875,3.544111,16.557642,0.645683,Prioridade em acuracia,0,0,1,1
94,M-AxPPA,M-AxPPA-COPY,COPY,16,10,4,2,"M=10, L=4, K=2",0,0,0.997486,0.998981,302.791,0.005283,0.003423,Baixo erro,34.3189,25.582,0.821014,744.18,4.78125,3.925472,18.768662,0.625312,Prioridade em acuracia,0,0,1,1
95,M-AxPPA,M-AxPPA-COPY,COPY,16,10,5,1,"M=10, L=5, K=1",0,0,0.998938,0.999573,144.157,0.00232,0.00045,Baixo erro,29.2113,21.777,0.884858,782.23,4.890625,4.327511,21.164231,0.601999,Prioridade em acuracia,0,0,1,1
96,M-AxPPA,M-AxPPA-COPY,COPY,16,11,1,4,"M=11, L=1, K=4",0,0,0.991216,0.996439,1066.007,0.018454,0.011986,Baixo erro,42.3746,30.6739,0.720318,693.261,4.5625,3.28645,14.994429,0.655708,Prioridade em acuracia,0,0,1,1
97,M-AxPPA,M-AxPPA-COPY,COPY,16,11,2,3,"M=11, L=2, K=3",0,0,0.995379,0.998128,552.476,0.009738,0.005969,Baixo erro,36.541,28.7224,0.793237,712.776,4.671875,3.705905,17.313524,0.63733,Prioridade em acuracia,0,0,1,1
98,M-AxPPA,M-AxPPA-COPY,COPY,16,11,3,2,"M=11, L=3, K=2",0,0,0.997342,0.998924,326.464,0.00562,0.003218,Baixo erro,32.9196,24.4336,0.838505,755.664,4.78125,4.009103,19.168525,0.618005,Prioridade em acuracia,0,0,1,1
99,M-AxPPA,M-AxPPA-COPY,COPY,16,11,4,1,"M=11, L=4, K=1",0,0,0.998845,0.999534,148.243,0.002478,0.000981,Baixo erro,28.523,20.7705,0.893462,792.295,4.890625,4.369589,21.370022,0.596717,Prioridade em acuracia,0,0,1,1
100,M-AxPPA,M-AxPPA-COPY,COPY,16,12,1,3,"M=12, L=1, K=3",0,1,0.996029,0.998389,543.502,0.008334,0.005522,Baixo erro,36.1278,27.2871,0.798402,727.129,4.671875,3.730035,17.42626,0.633182,Prioridade em acuracia,0,0,1,1
101,M-AxPPA,M-AxPPA-COPY,COPY,16,12,2,2,"M=12, L=2, K=2",0,0,0.997245,0.998886,385.605,0.005856,0.002991,Baixo erro,33.3475,23.5246,0.833156,764.754,4.78125,3.983527,19.046237,0.617777,Prioridade em acuracia,0,0,1,1
102,M-AxPPA,M-AxPPA-COPY,COPY,16,12,3,1,"M=12, L=3, K=1",0,0,0.999167,0.999666,88.14,0.00184,0.000131,Baixo erro,28.6089,20.7879,0.892388,792.121,4.890625,4.364337,21.344337,0.598019,Prioridade em acuracia,1,1,1,1
103,M-AxPPA,M-AxPPA-COPY,COPY,16,13,1,2,"M=13, L=1, K=2",0,0,0.998096,0.999224,272.38,0.003906,0.003654,Baixo erro,30.485,24.4879,0.868938,755.121,4.78125,4.15461,19.86423,0.608939,Prioridade em acuracia,0,0,1,1
104,M-AxPPA,M-AxPPA-COPY,COPY,16,13,2,1,"M=13, L=2, K=1",0,0,0.998806,0.999516,132.723,0.002512,0.001588,Baixo erro,26.7287,21.3038,0.915892,786.962,4.890625,4.479284,21.906496,0.590805,Prioridade em acuracia,0,0,1,1
105,M-AxPPA,M-AxPPA-COPY,COPY,16,14,1,1,"M=14, L=1, K=1",0,0,0.999768,0.999907,65.551,0.000516,0.0,Baixo erro,25.9464,18.4083,0.92567,815.917,4.890625,4.527105,22.140375,0.583393,Prioridade em acuracia,1,1,1,1
106,M-AxPPA,M-AxPPA-TRUNC,TRUNC,16,1,1,14,"M=1, L=1, K=14",0,0,0.835,0.932,20460.0,0.362,0.2249502547796642,Erro moderado,98.0,84.7175,0.025,152.825,3.46875,0.086719,0.300806,0.734193,Prioridade em energia,1,1,0,0
107,M-AxPPA,M-AxPPA-TRUNC,TRUNC,16,1,2,13,"M=1, L=2, K=13",0,0,0.852603,0.940261,17738.152,0.310212,0.195033,Erro moderado,95.1608,80.0103,0.06049,199.897,3.578125,0.216443,0.774458,0.747318,Prioridade em energia,0,0,0,0
108,M-AxPPA,M-AxPPA-TRUNC,TRUNC,16,1,3,12,"M=1, L=3, K=12",0,0,0.873254,0.948637,15277.861,0.266891,0.166128,Erro moderado,90.0027,77.2431,0.124966,227.569,3.6875,0.460812,1.699243,0.755314,Prioridade em energia,0,0,0,0
109,M-AxPPA,M-AxPPA-TRUNC,TRUNC,16,1,4,11,"M=1, L=4, K=11",0,0,0.89455,0.957262,12679.213,0.221923,0.139609,Erro moderado,87.4392,74.7963,0.15701,252.037,3.796875,0.596148,2.263498,0.770599,Prioridade em area,0,1,0,0
110,M-AxPPA,M-AxPPA-TRUNC,TRUNC,16,1,5,10,"M=1, L=5, K=10",0,0,0.911584,0.964171,10689.352,0.186199,0.115667,Erro moderado,82.4615,71.6965,0.219232,283.035,3.90625,0.856374,3.34521,0.772916,Prioridade em area,0,1,0,0
111,M-AxPPA,M-AxPPA-TRUNC,TRUNC,16,1,6,9,"M=1, L=6, K=9",0,0,0.928307,0.970951,8684.342,0.151068,0.09282,Erro controlado,77.7367,68.0098,0.278291,319.902,4.015625,1.117512,4.487508,0.773605,Prioridade em area,0,0,1,0
112,M-AxPPA,M-AxPPA-TRUNC,TRUNC,16,1,7,8,"M=1, L=7, K=8",0,1,0.94398,0.977294,6799.878,0.117862,0.074551,Erro controlado,72.8804,62.8148,0.338995,371.852,4.125,1.398355,5.768214,0.765334,Trade-off intermediario,0,0,1,0
113,M-AxPPA,M-AxPPA-TRUNC,TRUNC,16,1,8,7,"M=1, L=8, K=7",0,0,0.95686,0.982515,5223.795,0.090778,0.057257,Erro controlado,67.5949,59.5514,0.405064,404.486,4.234375,1.715194,7.262776,0.758706,Trade-off intermediario,0,0,1,0
114,M-AxPPA,M-AxPPA-TRUNC,TRUNC,16,1,9,6,"M=1, L=9, K=6",0,0,0.968035,0.987045,3863.066,0.067272,0.042328,Baixo erro,64.4625,55.9236,0.444218,440.764,4.34375,1.929574,8.381587,0.756299,Prioridade em acuracia,0,0,1,1
115,M-AxPPA,M-AxPPA-TRUNC,TRUNC,16,1,10,5,"M=1, L=10, K=5",0,0,0.978004,0.991087,2674.721,0.046344,0.028535,Baixo erro,59.3484,53.5705,0.508145,464.295,4.453125,2.262833,10.076679,0.748356,Prioridade em acuracia,0,1,1,1
116,M-AxPPA,M-AxPPA-TRUNC,TRUNC,16,1,11,4,"M=1, L=11, K=4",0,0,0.984603,0.993762,1872.069,0.032456,0.01979,Baixo erro,55.4007,50.7696,0.557492,492.304,4.5625,2.543556,11.604974,0.737905,Prioridade em acuracia,0,1,1,1
117,M-AxPPA,M-AxPPA-TRUNC,TRUNC,16,1,12,3,"M=1, L=12, K=3",0,0,0.991002,0.996358,1156.697,0.019048,0.01066,Baixo erro,50.3937,46.1539,0.620079,538.461,4.671875,2.896932,13.534103,0.720089,Prioridade em acuracia,0,1,1,1
118,M-AxPPA,M-AxPPA-TRUNC,TRUNC,16,1,13,2,"M=1, L=13, K=2",0,0,0.995409,0.998139,543.294,0.009665,0.006041,Baixo erro,45.1204,45.3989,0.685995,546.011,4.78125,3.279912,15.68208,0.704785,Prioridade em acuracia,0,1,1,1
119,M-AxPPA,M-AxPPA-TRUNC,TRUNC,16,1,14,1,"M=1, L=14, K=1",0,1,0.997448,0.998975,365.829,0.005572,0.001118,Baixo erro,41.5565,40.7594,0.730543,592.406,4.890625,3.572813,17.47329,0.687334,Prioridade em acuracia,1,1,1,1
120,M-AxPPA,M-AxPPA-TRUNC,TRUNC,16,2,1,13,"M=2, L=1, K=13",0,1,0.852594,0.940264,17713.367,0.310382,0.193346,Erro moderado,96.25,84.46,0.046875,155.4,3.578125,0.167725,0.60014,0.762952,Prioridade em energia,1,1,0,0
121,M-AxPPA,M-AxPPA-TRUNC,TRUNC,16,2,2,12,"M=2, L=2, K=12",0,0,0.873703,0.948821,15204.685,0.265986,0.16509,Erro moderado,89.2583,77.8227,0.134272,221.773,3.6875,0.495127,1.825783,0.755106,Prioridade em energia,0,1,0,0
122,M-AxPPA,M-AxPPA-TRUNC,TRUNC,16,2,3,11,"M=2, L=3, K=11",0,0,0.893996,0.957043,12772.069,0.22322,0.138863,Erro moderado,86.076,73.0474,0.17405,269.526,3.796875,0.660847,2.509152,0.762701,Prioridade em area,0,1,0,0
123,M-AxPPA,M-AxPPA-TRUNC,TRUNC,16,2,4,10,"M=2, L=4, K=10",0,0,0.912579,0.96457,10496.583,0.184008,0.115436,Erro moderado,81.6198,69.4396,0.229753,305.604,3.90625,0.897473,3.505752,0.765177,Prioridade em area,0,0,0,0
124,M-AxPPA,M-AxPPA-TRUNC,TRUNC,16,2,5,9,"M=2, L=5, K=9",0,0,0.928205,0.970909,8689.189,0.15125,0.093319,Erro controlado,77.5477,67.3472,0.280653,326.528,4.015625,1.126999,4.525604,0.770903,Prioridade em area,0,0,1,0
125,M-AxPPA,M-AxPPA-TRUNC,TRUNC,16,2,6,8,"M=2, L=6, K=8",0,0,0.943215,0.97699,6858.586,0.119601,0.074104,Erro controlado,72.4293,62.3595,0.344634,376.405,4.125,1.421617,5.864168,0.763219,Trade-off intermediario,0,0,1,0
126,M-AxPPA,M-AxPPA-TRUNC,TRUNC,16,2,7,7,"M=2, L=7, K=7",0,0,0.957152,0.982633,5178.363,0.090158,0.056908,Erro controlado,68.6659,59.7488,0.391676,402.512,4.234375,1.658504,7.022726,0.763361,Trade-off intermediario,0,0,1,0
127,M-AxPPA,M-AxPPA-TRUNC,TRUNC,16,2,8,6,"M=2, L=8, K=6",0,0,0.968093,0.987068,3894.736,0.067135,0.04239,Baixo erro,63.9857,55.3802,0.450179,446.198,4.34375,1.955463,8.494044,0.753324,Prioridade em acuracia,0,0,1,1
128,M-AxPPA,M-AxPPA-TRUNC,TRUNC,16,2,9,5,"M=2, L=9, K=5",0,0,0.977696,0.990963,2718.844,0.047012,0.028723,Baixo erro,57.5511,52.3409,0.530611,476.591,4.453125,2.362878,10.522189,0.739005,Prioridade em acuracia,0,0,1,1
129,M-AxPPA,M-AxPPA-TRUNC,TRUNC,16,2,10,4,"M=2, L=10, K=4",0,0,0.985356,0.994069,1772.44,0.030907,0.018404,Baixo erro,53.1014,49.5035,0.586232,504.965,4.5625,2.674684,12.203247,0.728452,Prioridade em acuracia,0,1,1,1
130,M-AxPPA,M-AxPPA-TRUNC,TRUNC,16,2,11,3,"M=2, L=11, K=3",0,0,0.991332,0.996486,1085.744,0.018222,0.011698,Baixo erro,49.8618,46.2564,0.626728,537.436,4.671875,2.927994,13.679223,0.717247,Prioridade em acuracia,0,0,1,1
131,M-AxPPA,M-AxPPA-TRUNC,TRUNC,16,2,12,2,"M=2, L=12, K=2",0,0,0.995015,0.997985,611.098,0.010602,0.00535,Baixo erro,45.8707,44.4808,0.676617,555.192,4.78125,3.235073,15.467694,0.706211,Prioridade em acuracia,1,1,1,1
132,M-AxPPA,M-AxPPA-TRUNC,TRUNC,16,2,13,1,"M=2, L=13, K=1",0,0,0.998107,0.99924,230.99,0.004142,0.000718,Baixo erro,41.0959,39.3642,0.736302,606.358,4.890625,3.600975,17.61102,0.683053,Prioridade em acuracia,1,0,1,1
133,M-AxPPA,M-AxPPA-TRUNC,TRUNC,16,3,1,12,"M=3, L=1, K=12",0,1,0.87416,0.949002,15148.761,0.264927,0.165579,Erro moderado,89.8398,76.0174,0.127003,239.826,3.6875,0.468323,1.726943,0.752638,Prioridade em energia,0,0,0,0
134,M-AxPPA,M-AxPPA-TRUNC,TRUNC,16,3,2,11,"M=3, L=2, K=11",0,0,0.894129,0.957096,12725.986,0.222918,0.138933,Erro moderado,84.0692,72.0104,0.199136,279.896,3.796875,0.756093,2.870789,0.753161,Prioridade em area,0,0,0,0
135,M-AxPPA,M-AxPPA-TRUNC,TRUNC,16,3,3,10,"M=3, L=3, K=10",0,0,0.912344,0.964474,10587.978,0.184501,0.115777,Erro moderado,80.5022,69.2572,0.243722,307.428,3.90625,0.95204,3.718906,0.760398,Prioridade em area,0,0,0,0
136,M-AxPPA,M-AxPPA-TRUNC,TRUNC,16,3,4,9,"M=3, L=4, K=9",0,0,0.929336,0.971365,8535.567,0.14882,0.092368,Erro controlado,75.0797,67.174,0.311503,328.26,4.015625,1.250881,5.023069,0.762776,Prioridade em area,0,0,1,0
137,M-AxPPA,M-AxPPA-TRUNC,TRUNC,16,3,5,8,"M=3, L=5, K=8",0,0,0.943464,0.977092,6867.264,0.119111,0.073389,Erro controlado,70.4982,63.0695,0.368773,369.305,4.125,1.521187,6.274896,0.758698,Trade-off intermediario,0,0,1,0
138,M-AxPPA,M-AxPPA-TRUNC,TRUNC,16,3,6,7,"M=3, L=6, K=7",0,0,0.956307,0.982295,5276.195,0.092039,0.056882,Erro controlado,67.3108,59.6069,0.408615,403.931,4.234375,1.730231,7.326446,0.758236,Trade-off intermediario,0,0,1,0
139,M-AxPPA,M-AxPPA-TRUNC,TRUNC,16,3,7,6,"M=3, L=7, K=6",0,0,0.968389,0.987193,3828.106,0.066629,0.040699,Baixo erro,63.0564,56.1781,0.461794,438.219,4.34375,2.005919,8.713213,0.753674,Prioridade em acuracia,0,1,1,1
140,M-AxPPA,M-AxPPA-TRUNC,TRUNC,16,3,8,5,"M=3, L=8, K=5",0,0,0.977491,0.990877,2712.449,0.047374,0.02976,Baixo erro,58.4681,51.3669,0.519149,486.331,4.453125,2.311836,10.294895,0.738957,Prioridade em acuracia,0,0,1,1
141,M-AxPPA,M-AxPPA-TRUNC,TRUNC,16,3,9,4,"M=3, L=9, K=4",0,0,0.985387,0.994079,1770.671,0.030781,0.019028,Baixo erro,52.0497,49.7711,0.599378,502.289,4.5625,2.734664,12.476903,0.724586,Prioridade em acuracia,0,1,1,1
142,M-AxPPA,M-AxPPA-TRUNC,TRUNC,16,3,10,3,"M=3, L=10, K=3",0,0,0.99107,0.996385,1088.663,0.018888,0.010762,Baixo erro,48.778,46.4857,0.640275,535.143,4.671875,2.991285,13.974908,0.714938,Prioridade em acuracia,0,1,1,1
143,M-AxPPA,M-AxPPA-TRUNC,TRUNC,16,3,11,2,"M=3, L=11, K=2",0,0,0.995472,0.998172,596.095,0.009699,0.004086,Baixo erro,44.6876,42.5164,0.691405,574.836,4.78125,3.305782,15.805768,0.699063,Prioridade em acuracia,1,1,1,1
144,M-AxPPA,M-AxPPA-TRUNC,TRUNC,16,3,12,1,"M=3, L=12, K=1",0,0,0.997874,0.999146,270.515,0.004646,0.000887,Baixo erro,39.8336,39.432,0.75208,605.68,4.890625,3.678143,17.988416,0.678504,Prioridade em acuracia,0,0,1,1
145,M-AxPPA,M-AxPPA-TRUNC,TRUNC,16,4,1,11,"M=4, L=1, K=11",0,1,0.894553,0.957262,12692.142,0.221889,0.139921,Erro moderado,84.5083,71.3486,0.193646,286.514,3.796875,0.73525,2.791651,0.752152,Prioridade em area,0,0,0,0
146,M-AxPPA,M-AxPPA-TRUNC,TRUNC,16,4,2,10,"M=4, L=2, K=10",0,0,0.913042,0.964759,10511.288,0.183069,0.11443,Erro moderado,80.7522,68.5772,0.240597,314.228,3.90625,0.939833,3.671225,0.761303,Prioridade em area,0,0,0,0
147,M-AxPPA,M-AxPPA-TRUNC,TRUNC,16,4,3,9,"M=4, L=3, K=9",0,0,0.928967,0.971212,8587.163,0.149518,0.093758,Erro controlado,75.8406,65.8305,0.301992,341.695,4.015625,1.212687,4.869697,0.760956,Prioridade em area,0,0,1,0
148,M-AxPPA,M-AxPPA-TRUNC,TRUNC,16,4,4,8,"M=4, L=4, K=8",0,0,0.943039,0.97692,6928.776,0.120014,0.073866,Erro controlado,70.0763,60.8043,0.374046,391.957,4.125,1.542939,6.364622,0.751643,Trade-off intermediario,0,0,1,0
149,M-AxPPA,M-AxPPA-TRUNC,TRUNC,16,4,5,7,"M=4, L=5, K=7",0,0,0.956197,0.982252,5330.363,0.092298,0.056717,Erro controlado,64.9594,58.5184,0.438007,414.816,4.234375,1.854687,7.853441,0.747616,Trade-off intermediario,0,0,1,0
150,M-AxPPA,M-AxPPA-TRUNC,TRUNC,16,4,6,6,"M=4, L=6, K=6",0,0,0.967987,0.987026,3894.974,0.067383,0.042267,Baixo erro,61.431,54.5463,0.482113,454.537,4.34375,2.094179,9.096589,0.742494,Prioridade em acuracia,0,0,1,1
151,M-AxPPA,M-AxPPA-TRUNC,TRUNC,16,4,7,5,"M=4, L=7, K=5",0,0,0.977005,0.990684,2806.956,0.048478,0.029504,Baixo erro,57.1779,51.5377,0.535277,484.623,4.453125,2.383654,10.614711,0.735016,Prioridade em acuracia,0,0,1,1
152,M-AxPPA,M-AxPPA-TRUNC,TRUNC,16,4,8,4,"M=4, L=8, K=4",0,0,0.985703,0.994208,1770.633,0.030153,0.018219,Baixo erro,52.8991,49.4058,0.588762,505.942,4.5625,2.686225,12.255901,0.727722,Prioridade em acuracia,0,1,1,1
153,M-AxPPA,M-AxPPA-TRUNC,TRUNC,16,4,9,3,"M=4, L=9, K=3",0,0,0.991049,0.996377,1121.876,0.018933,0.010772,Baixo erro,48.694,46.7685,0.641325,532.315,4.671875,2.996191,13.997829,0.715252,Prioridade em acuracia,0,1,1,1
154,M-AxPPA,M-AxPPA-TRUNC,TRUNC,16,4,10,2,"M=4, L=10, K=2",0,0,0.9987,0.9993,10300.0,0.0202,0.004186216707729472,Baixo erro,42.3951,41.7625,0.720061,582.375,4.78125,3.442794,16.460857,0.689095,Prioridade em acuracia,0,0,1,1
155,M-AxPPA,M-AxPPA-TRUNC,TRUNC,16,4,11,1,"M=4, L=11, K=1",0,0,0.998604,0.999437,186.067,0.002989,0.001269,Baixo erro,38.8823,38.306,0.763971,616.94,4.890625,3.736295,18.272816,0.672186,Prioridade em acuracia,0,0,1,1
156,M-AxPPA,M-AxPPA-TRUNC,TRUNC,16,5,1,10,"M=5, L=1, K=10",0,0,0.912999,0.964742,10504.699,0.183171,0.11435,Erro moderado,78.8102,67.3489,0.264873,326.511,3.90625,1.03466,4.041641,0.75174,Prioridade em area,0,0,0,0
157,M-AxPPA,M-AxPPA-TRUNC,TRUNC,16,5,2,9,"M=5, L=2, K=9",0,0,0.928763,0.971136,8599.551,0.150105,0.092239,Erro controlado,73.7388,63.5586,0.328266,364.414,4.015625,1.318191,5.293362,0.750133,Trade-off intermediario,0,0,1,0
158,M-AxPPA,M-AxPPA-TRUNC,TRUNC,16,5,3,8,"M=5, L=3, K=8",0,0,0.94373,0.977198,6784.663,0.118515,0.073463,Erro controlado,69.2934,61.0506,0.383833,389.494,4.125,1.58331,6.531153,0.749845,Trade-off intermediario,0,0,1,0
159,M-AxPPA,M-AxPPA-TRUNC,TRUNC,16,5,4,7,"M=5, L=4, K=7",0,0,0.956885,0.982525,5230.484,0.090721,0.057258,Erro controlado,65.5269,57.3577,0.430914,426.423,4.234375,1.82465,7.726253,0.746466,Trade-off intermediario,0,0,1,0
160,M-AxPPA,M-AxPPA-TRUNC,TRUNC,16,5,5,6,"M=5, L=5, K=6",0,0,0.967802,0.986952,3935.542,0.067793,0.042276,Baixo erro,61.5799,53.7972,0.480252,462.028,4.34375,2.086093,9.061468,0.741358,Prioridade em acuracia,0,0,1,1
161,M-AxPPA,M-AxPPA-TRUNC,TRUNC,16,5,6,5,"M=5, L=6, K=5",0,0,0.977837,0.991023,2700.34,0.046765,0.027985,Baixo erro,55.7421,51.655,0.553224,483.45,4.453125,2.463575,10.970606,0.731857,Prioridade em acuracia,0,1,1,1
162,M-AxPPA,M-AxPPA-TRUNC,TRUNC,16,5,7,4,"M=5, L=7, K=4",0,0,0.985062,0.993947,1870.495,0.031473,0.019388,Baixo erro,51.1599,48.8617,0.610501,511.383,4.5625,2.785412,12.708444,0.71899,Prioridade em acuracia,0,0,1,1
163,M-AxPPA,M-AxPPA-TRUNC,TRUNC,16,5,8,3,"M=5, L=8, K=3",0,0,0.991574,0.996585,1047.464,0.017731,0.011181,Baixo erro,47.0583,44.8537,0.661771,551.463,4.671875,3.09171,14.444084,0.704714,Prioridade em acuracia,0,0,1,1
164,M-AxPPA,M-AxPPA-TRUNC,TRUNC,16,5,9,2,"M=5, L=9, K=2",0,0,0.995676,0.998253,526.258,0.009216,0.004429,Baixo erro,42.5126,40.9639,0.718592,590.361,4.78125,3.435768,16.427263,0.687474,Prioridade em acuracia,0,0,1,1
165,M-AxPPA,M-AxPPA-TRUNC,TRUNC,16,5,10,1,"M=5, L=10, K=1",0,0,0.998481,0.99939,188.383,0.003318,0.000644,Baixo erro,36.8244,39.4342,0.789695,605.658,4.890625,3.862104,18.888101,0.668036,Prioridade em acuracia,1,1,1,1
166,M-AxPPA,M-AxPPA-TRUNC,TRUNC,16,6,1,9,"M=6, L=1, K=9",0,0,0.928848,0.971168,8566.342,0.149861,0.092876,Erro controlado,73.5912,65.3692,0.33011,346.308,4.015625,1.325598,5.323106,0.752895,Prioridade em area,0,0,1,0
167,M-AxPPA,M-AxPPA-TRUNC,TRUNC,16,6,2,8,"M=6, L=2, K=8",0,0,0.943929,0.97728,6795.966,0.118127,0.072843,Erro controlado,68.3476,60.3381,0.395655,396.619,4.125,1.632077,6.732318,0.745589,Trade-off intermediario,0,0,1,0
168,M-AxPPA,M-AxPPA-TRUNC,TRUNC,16,6,3,7,"M=6, L=3, K=7",0,0,0.957532,0.982788,5153.084,0.089379,0.056193,Erro controlado,63.4057,57.4232,0.457429,425.768,4.234375,1.936926,8.201672,0.740234,Trade-off intermediario,0,0,1,0
169,M-AxPPA,M-AxPPA-TRUNC,TRUNC,16,6,4,6,"M=6, L=4, K=6",0,0,0.968797,0.987351,3762.672,0.065625,0.041804,Baixo erro,60.8551,54.5569,0.489311,454.431,4.34375,2.125445,9.232401,0.740982,Prioridade em acuracia,0,0,1,1
170,M-AxPPA,M-AxPPA-TRUNC,TRUNC,16,6,5,5,"M=6, L=5, K=5",0,1,0.977798,0.991007,2707.129,0.046846,0.02803,Baixo erro,55.32,50.9152,0.5585,490.848,4.453125,2.487068,11.075227,0.728662,Prioridade em acuracia,0,0,1,1
171,M-AxPPA,M-AxPPA-TRUNC,TRUNC,16,6,6,4,"M=6, L=6, K=4",0,0,0.98591,0.994291,1754.1,0.029685,0.018291,Baixo erro,51.677,47.3066,0.604038,526.934,4.5625,2.755923,12.573899,0.718632,Prioridade em acuracia,0,0,1,1
172,M-AxPPA,M-AxPPA-TRUNC,TRUNC,16,6,7,3,"M=6, L=7, K=3",0,0,0.991702,0.996636,1054.384,0.017448,0.011146,Baixo erro,47.2148,44.8245,0.659815,551.755,4.671875,3.082575,14.401405,0.705247,Prioridade em acuracia,0,0,1,1
173,M-AxPPA,M-AxPPA-TRUNC,TRUNC,16,6,8,2,"M=6, L=8, K=2",0,0,0.996235,0.998478,441.583,0.008001,0.004108,Baixo erro,42.3833,40.4996,0.720209,595.004,4.78125,3.443501,16.464238,0.686346,Prioridade em acuracia,0,0,1,1
174,M-AxPPA,M-AxPPA-TRUNC,TRUNC,16,6,9,1,"M=6, L=9, K=1",0,0,0.998338,0.999325,197.865,0.003467,0.002542,Baixo erro,36.9645,37.7593,0.787943,622.407,4.890625,3.853536,18.8462,0.662694,Prioridade em acuracia,0,0,1,1
175,M-AxPPA,M-AxPPA-TRUNC,TRUNC,16,7,1,8,"M=7, L=1, K=8",0,0,0.943705,0.977186,6820.121,0.118513,0.074106,Erro controlado,67.5328,60.274,0.40584,397.26,4.125,1.67409,6.905622,0.741115,Trade-off intermediario,0,0,1,0
176,M-AxPPA,M-AxPPA-TRUNC,TRUNC,16,7,2,7,"M=7, L=2, K=7",0,0,0.95658,0.982403,5237.972,0.091399,0.05726,Erro controlado,62.6952,56.8244,0.46631,431.756,4.234375,1.97453,8.360901,0.73517,Trade-off intermediario,0,0,1,0
177,M-AxPPA,M-AxPPA-TRUNC,TRUNC,16,7,3,6,"M=7, L=3, K=6",0,0,0.96892,0.987405,3751.593,0.065442,0.04078,Baixo erro,59.8064,52.8832,0.502419,471.168,4.34375,2.182384,9.479732,0.734686,Prioridade em acuracia,0,0,1,1
178,M-AxPPA,M-AxPPA-TRUNC,TRUNC,16,7,4,5,"M=7, L=4, K=5",0,1,0.977551,0.990904,2720.272,0.047307,0.029014,Baixo erro,55.7988,50.6926,0.552515,493.074,4.453125,2.460417,10.956546,0.728772,Prioridade em acuracia,0,0,1,1
179,M-AxPPA,M-AxPPA-TRUNC,TRUNC,16,7,5,4,"M=7, L=5, K=4",0,0,0.985291,0.99404,1780.126,0.030986,0.019128,Baixo erro,49.1633,48.2052,0.635459,517.948,4.5625,2.899282,13.227975,0.7107,Prioridade em acuracia,0,0,1,1
180,M-AxPPA,M-AxPPA-TRUNC,TRUNC,16,7,6,3,"M=7, L=6, K=3",0,0,0.99147,0.996543,1026.478,0.01797,0.011094,Baixo erro,45.2766,44.3882,0.684042,556.118,4.671875,3.19576,14.930191,0.697418,Prioridade em acuracia,0,0,1,1
181,M-AxPPA,M-AxPPA-TRUNC,TRUNC,16,7,7,2,"M=7, L=7, K=2",0,0,0.995474,0.998166,535.61,0.009539,0.005829,Baixo erro,40.5982,41.4791,0.742523,585.209,4.78125,3.550187,16.974331,0.680201,Prioridade em acuracia,0,0,1,1
182,M-AxPPA,M-AxPPA-TRUNC,TRUNC,16,7,8,1,"M=7, L=8, K=1",0,0,0.999162,0.99966,127.796,0.001763,0.001122,Baixo erro,37.0494,36.0949,0.786882,639.051,4.890625,3.848346,18.820818,0.660913,Prioridade em acuracia,0,0,1,1
183,M-AxPPA,M-AxPPA-TRUNC,TRUNC,16,8,1,7,"M=8, L=1, K=7",0,0,0.956424,0.982345,5304.611,0.091848,0.05611,Erro controlado,62.975,56.1877,0.462812,438.123,4.234375,1.959721,8.298192,0.736056,Trade-off intermediario,0,0,1,0
184,M-AxPPA,M-AxPPA-TRUNC,TRUNC,16,8,2,6,"M=8, L=2, K=6",0,0,0.968876,0.987383,3791.92,0.065447,0.041812,Baixo erro,57.315,51.8587,0.533563,481.413,4.34375,2.317663,10.06735,0.72236,Prioridade em acuracia,0,0,1,1
185,M-AxPPA,M-AxPPA-TRUNC,TRUNC,16,8,3,5,"M=8, L=3, K=5",0,1,0.978376,0.991233,2665.476,0.045442,0.029387,Baixo erro,53.4587,49.489,0.581767,505.11,4.453125,2.590679,11.536619,0.717332,Prioridade em acuracia,0,0,1,1
186,M-AxPPA,M-AxPPA-TRUNC,TRUNC,16,8,4,4,"M=8, L=4, K=4",0,0,0.985552,0.994149,1819.44,0.030526,0.017792,Baixo erro,49.2093,46.5475,0.634884,534.525,4.5625,2.896659,13.216005,0.708701,Prioridade em acuracia,0,0,1,1
187,M-AxPPA,M-AxPPA-TRUNC,TRUNC,16,8,5,3,"M=8, L=5, K=3",0,0,0.99134,0.996495,1072.132,0.018334,0.010249,Baixo erro,44.8028,42.4558,0.689965,575.442,4.671875,3.223428,15.059453,0.692402,Prioridade em acuracia,0,0,1,1
188,M-AxPPA,M-AxPPA-TRUNC,TRUNC,16,8,6,2,"M=8, L=6, K=2",0,0,0.996192,0.998457,469.02,0.00803,0.004868,Baixo erro,40.4901,38.68,0.743874,613.2,4.78125,3.556646,17.005212,0.674704,Prioridade em acuracia,0,0,1,1
189,M-AxPPA,M-AxPPA-TRUNC,TRUNC,16,8,7,1,"M=8, L=7, K=1",0,0,0.998084,0.999225,212.52,0.004072,0.002099,Baixo erro,36.8494,36.9826,0.789383,630.174,4.890625,3.860577,18.880633,0.661063,Prioridade em acuracia,0,0,1,1
190,M-AxPPA,M-AxPPA-TRUNC,TRUNC,16,9,1,6,"M=9, L=1, K=6",0,0,0.967761,0.986938,3948.828,0.067939,0.041659,Baixo erro,57.1588,51.7918,0.535515,482.082,4.34375,2.326144,10.104188,0.721826,Prioridade em acuracia,0,0,1,1
191,M-AxPPA,M-AxPPA-TRUNC,TRUNC,16,9,2,5,"M=9, L=2, K=5",0,0,0.97766,0.990949,2749.592,0.047095,0.028669,Baixo erro,53.8816,49.0281,0.576479,509.719,4.453125,2.567135,11.431773,0.718631,Prioridade em acuracia,0,0,1,1
192,M-AxPPA,M-AxPPA-TRUNC,TRUNC,16,9,3,4,"M=9, L=3, K=4",0,0,0.985122,0.993976,1858.085,0.031459,0.018046,Baixo erro,49.0479,45.0644,0.636902,549.356,4.5625,2.905865,13.258008,0.704557,Prioridade em acuracia,0,0,1,1
193,M-AxPPA,M-AxPPA-TRUNC,TRUNC,16,9,4,3,"M=9, L=4, K=3",0,0,0.991734,0.996652,1022.09,0.017438,0.010478,Baixo erro,44.7578,41.9439,0.690528,580.561,4.671875,3.226058,15.071741,0.690851,Prioridade em acuracia,0,0,1,1
194,M-AxPPA,M-AxPPA-TRUNC,TRUNC,16,9,5,2,"M=9, L=5, K=2",0,0,0.995799,0.998302,561.774,0.008949,0.004349,Baixo erro,39.8703,40.3437,0.751622,596.563,4.78125,3.593691,17.182337,0.676755,Prioridade em acuracia,0,0,1,1
195,M-AxPPA,M-AxPPA-TRUNC,TRUNC,16,9,6,1,"M=9, L=6, K=1",0,0,0.998243,0.999295,262.232,0.003853,0.000584,Baixo erro,35.1071,36.5184,0.811161,634.816,4.890625,3.967083,19.401517,0.655519,Prioridade em acuracia,1,1,1,1
196,M-AxPPA,M-AxPPA-TRUNC,TRUNC,16,10,1,5,"M=10, L=1, K=5",0,1,0.978358,0.991229,2651.979,0.045543,0.028684,Baixo erro,52.8689,48.839,0.589139,511.61,4.453125,2.623508,11.682811,0.714579,Prioridade em acuracia,0,0,1,1
197,M-AxPPA,M-AxPPA-TRUNC,TRUNC,16,10,2,4,"M=10, L=2, K=4",0,0,0.986008,0.994333,1752.915,0.029537,0.01752,Baixo erro,46.6452,44.9289,0.666935,550.711,4.5625,3.042891,13.883189,0.696268,Prioridade em acuracia,0,0,1,1
198,M-AxPPA,M-AxPPA-TRUNC,TRUNC,16,10,3,3,"M=10, L=3, K=3",0,0,0.992311,0.996885,981.491,0.016206,0.009891,Baixo erro,44.3553,42.4796,0.695558,575.204,4.671875,3.249561,15.181542,0.69126,Prioridade em acuracia,0,0,1,1
199,M-AxPPA,M-AxPPA-TRUNC,TRUNC,16,10,4,2,"M=10, L=4, K=2",0,0,0.996352,0.998519,474.329,0.007615,0.005529,Baixo erro,39.3503,38.5924,0.758121,614.076,4.78125,3.624768,17.330921,0.669695,Prioridade em acuracia,0,0,1,1
200,M-AxPPA,M-AxPPA-TRUNC,TRUNC,16,10,5,1,"M=10, L=5, K=1",0,0,0.999072,0.999627,164.384,0.002027,0.000387,Baixo erro,34.672,35.2964,0.8166,647.036,4.890625,3.993685,19.531617,0.651483,Prioridade em acuracia,1,1,1,1
201,M-AxPPA,M-AxPPA-TRUNC,TRUNC,16,11,1,4,"M=11, L=1, K=4",0,0,0.986423,0.994494,1665.016,0.028494,0.018859,Baixo erro,46.2249,44.7363,0.672189,552.637,4.5625,3.066864,13.992566,0.692834,Prioridade em acuracia,0,0,1,1
202,M-AxPPA,M-AxPPA-TRUNC,TRUNC,16,11,2,3,"M=11, L=2, K=3",0,0,0.99157,0.996585,1057.843,0.017773,0.010805,Baixo erro,42.7561,42.0178,0.715549,579.822,4.671875,3.342953,15.61786,0.683498,Prioridade em acuracia,0,0,1,1
203,M-AxPPA,M-AxPPA-TRUNC,TRUNC,16,11,3,2,"M=11, L=3, K=2",0,0,0.996231,0.998471,442.004,0.007904,0.005311,Baixo erro,37.0765,38.256,0.786543,617.44,4.78125,3.76066,17.980656,0.661076,Prioridade em acuracia,0,0,1,1
204,M-AxPPA,M-AxPPA-TRUNC,TRUNC,16,11,4,1,"M=11, L=4, K=1",0,0,0.999166,0.99966,94.588,0.001701,0.001707,Baixo erro,32.2508,35.6925,0.846865,643.075,4.890625,4.141701,20.255507,0.642227,Prioridade em acuracia,0,0,1,1
205,M-AxPPA,M-AxPPA-TRUNC,TRUNC,16,12,1,3,"M=12, L=1, K=3",0,1,0.991901,0.996719,1009.528,0.017081,0.010326,Baixo erro,40.7669,39.0905,0.740414,609.095,4.671875,3.459122,16.160586,0.670456,Prioridade em acuracia,0,0,1,1
206,M-AxPPA,M-AxPPA-TRUNC,TRUNC,16,12,2,2,"M=12, L=2, K=2",0,0,0.996398,0.998538,440.771,0.007545,0.005173,Baixo erro,36.7091,36.149,0.791136,638.51,4.78125,3.782619,18.085649,0.655257,Prioridade em acuracia,0,0,1,1
207,M-AxPPA,M-AxPPA-TRUNC,TRUNC,16,12,3,1,"M=12, L=3, K=1",0,0,0.998625,0.999447,162.595,0.002982,0.000822,Baixo erro,33.0666,33.5616,0.836668,664.384,4.890625,4.091828,20.011599,0.641422,Prioridade em acuracia,0,0,1,1
208,M-AxPPA,M-AxPPA-TRUNC,TRUNC,16,13,1,2,"M=13, L=1, K=2",0,0,0.996928,0.998755,363.019,0.006468,0.004023,Baixo erro,37.0506,37.6775,0.786868,623.225,4.78125,3.762213,17.98808,0.661153,Prioridade em acuracia,0,0,1,1
209,M-AxPPA,M-AxPPA-TRUNC,TRUNC,16,13,2,1,"M=13, L=2, K=1",0,0,0.998886,0.999547,119.809,0.002319,0.00176,Baixo erro,32.7385,33.8478,0.840769,661.522,4.890625,4.111884,20.109682,0.639827,Prioridade em acuracia,0,0,1,1
210,M-AxPPA,M-AxPPA-TRUNC,TRUNC,16,14,1,1,"M=14, L=1, K=1",0,0,0.999415,0.999761,99.631,0.001198,0.001161,Baixo erro,30.0276,31.5491,0.874655,684.509,4.890625,4.27761,20.920184,0.625734,Prioridade em acuracia,0,0,1,1
211,M-AxPPA,M-AxPPA-LOA,LOA,16,1,1,14,"M=1, L=1, K=14",0,0,0.92,0.953,8167.0,0.126,0.0827805237382172,Erro controlado,91.4382,59.2601,0.107022,407.399,3.46875,0.371232,1.287712,0.814483,Alta economia com erro controlado,1,0,1,0
212,M-AxPPA,M-AxPPA-LOA,LOA,16,1,2,13,"M=1, L=2, K=13",0,0,0.949738,0.979612,6115.388,0.105402,0.070773,Erro controlado,87.9831,56.5088,0.150211,434.912,3.578125,0.537475,1.923152,0.809574,Alta economia com erro controlado,1,0,1,0
213,M-AxPPA,M-AxPPA-LOA,LOA,16,1,3,12,"M=1, L=3, K=12",0,0,0.957047,0.982579,5262.84,0.090126,0.05991,Erro controlado,82.5999,52.2099,0.217501,477.901,3.6875,0.802037,2.95751,0.793066,Alta economia com erro controlado,1,0,1,0
214,M-AxPPA,M-AxPPA-LOA,LOA,16,1,4,11,"M=1, L=4, K=11",0,0,0.963647,0.98525,4460.627,0.076148,0.05217,Erro controlado,79.4891,49.371,0.256386,506.29,3.796875,0.973467,3.696131,0.784389,Trade-off intermediario,1,0,1,0
215,M-AxPPA,M-AxPPA-LOA,LOA,16,1,5,10,"M=1, L=5, K=10",0,0,0.969352,0.987574,3808.345,0.064405,0.041659,Baixo erro,73.6034,47.2616,0.329957,527.384,3.90625,1.288896,5.034749,0.770534,Prioridade em acuracia,1,0,1,1
216,M-AxPPA,M-AxPPA-LOA,LOA,16,1,6,9,"M=1, L=6, K=9",0,0,0.975183,0.989932,3071.204,0.052023,0.03518,Baixo erro,69.9365,43.5888,0.375794,564.112,4.015625,1.509048,6.059772,0.756606,Prioridade em acuracia,1,0,1,1
217,M-AxPPA,M-AxPPA-LOA,LOA,16,1,7,8,"M=1, L=7, K=8",0,1,0.980262,0.991996,2428.431,0.041446,0.027187,Baixo erro,65.3233,40.1832,0.433458,598.168,4.125,1.788016,7.375566,0.741594,Prioridade em acuracia,1,0,1,1
218,M-AxPPA,M-AxPPA-LOA,LOA,16,1,8,7,"M=1, L=8, K=7",0,0,0.985206,0.993995,1843.714,0.030929,0.021904,Baixo erro,59.5739,35.8528,0.505326,641.472,4.234375,2.139739,9.060457,0.717427,Prioridade em acuracia,1,0,1,1
219,M-AxPPA,M-AxPPA-LOA,LOA,16,1,9,6,"M=1, L=9, K=6",0,0,0.988032,0.995151,1475.356,0.025229,0.015383,Baixo erro,55.905,32.4796,0.551187,675.204,4.34375,2.394219,10.399888,0.704202,Prioridade em acuracia,1,0,1,1
220,M-AxPPA,M-AxPPA-LOA,LOA,16,1,10,5,"M=1, L=10, K=5",0,0,0.991547,0.996578,1052.627,0.017888,0.010092,Baixo erro,52.3537,29.3708,0.595578,706.292,4.453125,2.652185,11.81051,0.690597,Prioridade em acuracia,1,0,1,1
221,M-AxPPA,M-AxPPA-LOA,LOA,16,1,11,4,"M=1, L=11, K=4",0,0,0.994247,0.997672,783.459,0.012176,0.006839,Baixo erro,46.1655,25.8054,0.672931,741.946,4.5625,3.07025,14.008014,0.66427,Prioridade em acuracia,1,0,1,1
222,M-AxPPA,M-AxPPA-LOA,LOA,16,1,12,3,"M=1, L=12, K=3",0,0,0.996845,0.998719,422.295,0.00658,0.004851,Baixo erro,42.617,22.8002,0.717288,771.998,4.671875,3.351079,15.655823,0.647186,Prioridade em acuracia,0,0,1,1
223,M-AxPPA,M-AxPPA-LOA,LOA,16,1,13,2,"M=1, L=13, K=2",0,0,0.997419,0.998961,345.343,0.005585,0.001708,Baixo erro,37.2153,21.2144,0.784809,787.856,4.78125,3.75237,17.941017,0.627924,Prioridade em acuracia,0,0,1,1
224,M-AxPPA,M-AxPPA-LOA,LOA,16,1,14,1,"M=1, L=14, K=1",0,1,0.998703,0.999477,201.101,0.002802,0.00092,Baixo erro,33.7402,16.0532,0.828247,839.468,4.890625,4.050647,19.810193,0.604981,Prioridade em acuracia,0,0,1,1
225,M-AxPPA,M-AxPPA-LOA,LOA,16,2,1,13,"M=2, L=1, K=13",0,1,0.948604,0.979158,6288.461,0.107908,0.070951,Erro controlado,88.62,60.93,0.14225,390.7,3.578125,0.508988,1.821224,0.82143,Alta economia com erro controlado,1,0,1,0
226,M-AxPPA,M-AxPPA-LOA,LOA,16,2,2,12,"M=2, L=2, K=12",0,0,0.956483,0.982348,5359.652,0.091254,0.061318,Erro controlado,81.9925,53.8444,0.225094,461.556,3.6875,0.830032,3.060745,0.792928,Alta economia com erro controlado,0,0,1,0
227,M-AxPPA,M-AxPPA-LOA,LOA,16,2,3,11,"M=2, L=3, K=11",0,0,0.963872,0.985347,4448.736,0.075786,0.0506,Erro controlado,78.4985,50.4604,0.268769,495.396,3.796875,1.020482,3.874644,0.785028,Trade-off intermediario,1,0,1,0
228,M-AxPPA,M-AxPPA-LOA,LOA,16,2,4,10,"M=2, L=4, K=10",0,0,0.970152,0.987894,3644.101,0.062621,0.04171,Baixo erro,73.9186,45.2883,0.326018,547.117,3.90625,1.273507,4.974636,0.767237,Prioridade em acuracia,1,0,1,1
229,M-AxPPA,M-AxPPA-LOA,LOA,16,2,5,9,"M=2, L=5, K=9",0,0,0.97595,0.990243,2980.852,0.050396,0.034292,Baixo erro,68.1309,43.1621,0.398363,568.379,4.015625,1.599678,6.423705,0.750213,Prioridade em acuracia,1,0,1,1
230,M-AxPPA,M-AxPPA-LOA,LOA,16,2,6,8,"M=2, L=6, K=8",0,0,0.980594,0.992131,2430.862,0.040749,0.026725,Baixo erro,63.725,39.0887,0.453437,609.113,4.125,1.870429,7.715518,0.733984,Prioridade em acuracia,1,0,1,1
231,M-AxPPA,M-AxPPA-LOA,LOA,16,2,7,7,"M=2, L=7, K=7",0,0,0.98444,0.993692,1961.753,0.032721,0.020886,Baixo erro,58.9623,35.8789,0.512971,641.211,4.234375,2.17211,9.19753,0.716446,Prioridade em acuracia,1,0,1,1
232,M-AxPPA,M-AxPPA-LOA,LOA,16,2,8,6,"M=2, L=8, K=6",0,0,0.987938,0.995111,1527.508,0.025372,0.016113,Baixo erro,54.285,32.733,0.571438,672.67,4.34375,2.482184,10.781985,0.698155,Prioridade em acuracia,0,0,1,1
233,M-AxPPA,M-AxPPA-LOA,LOA,16,2,9,5,"M=2, L=9, K=5",0,0,0.991508,0.996556,1070.9,0.017821,0.011808,Baixo erro,51.4924,29.8618,0.606345,701.382,4.453125,2.700131,12.024021,0.686675,Prioridade em acuracia,0,0,1,1
234,M-AxPPA,M-AxPPA-LOA,LOA,16,2,10,4,"M=2, L=10, K=4",0,0,0.994319,0.997698,764.339,0.011959,0.007483,Baixo erro,45.0357,26.3239,0.687054,736.761,4.5625,3.134682,14.301989,0.660657,Prioridade em acuracia,0,0,1,1
235,M-AxPPA,M-AxPPA-LOA,LOA,16,2,11,3,"M=2, L=11, K=3",0,0,0.996019,0.998394,497.919,0.008542,0.003421,Baixo erro,41.5678,21.9664,0.730403,780.336,4.671875,3.412351,15.942078,0.643204,Prioridade em acuracia,1,0,1,1
236,M-AxPPA,M-AxPPA-LOA,LOA,16,2,12,2,"M=2, L=12, K=2",0,0,0.998104,0.999231,258.002,0.003973,0.00271,Baixo erro,37.2201,19.4619,0.784749,805.381,4.78125,3.75208,17.939632,0.622936,Prioridade em acuracia,0,0,1,1
237,M-AxPPA,M-AxPPA-LOA,LOA,16,2,13,1,"M=2, L=13, K=1",0,0,0.999021,0.999608,150.757,0.002153,0.000239,Baixo erro,32.5967,14.8095,0.842541,851.905,4.890625,4.120554,20.152083,0.598913,Prioridade em acuracia,1,0,1,1
238,M-AxPPA,M-AxPPA-LOA,LOA,16,3,1,12,"M=3, L=1, K=12",0,1,0.95642,0.982321,5329.974,0.091362,0.061679,Erro controlado,81.3075,52.4836,0.233656,475.164,3.6875,0.861605,3.177169,0.787065,Alta economia com erro controlado,0,0,1,0
239,M-AxPPA,M-AxPPA-LOA,LOA,16,3,2,11,"M=3, L=2, K=11",0,0,0.963572,0.985227,4438.387,0.076481,0.050295,Erro controlado,76.0101,49.3206,0.299874,506.794,3.796875,1.138585,4.323065,0.773963,Trade-off intermediario,1,0,1,0
240,M-AxPPA,M-AxPPA-LOA,LOA,16,3,3,10,"M=3, L=3, K=10",0,0,0.969844,0.98777,3695.552,0.063284,0.041963,Baixo erro,71.2343,45.391,0.359571,546.09,3.90625,1.404575,5.48662,0.757592,Prioridade em acuracia,0,0,1,1
241,M-AxPPA,M-AxPPA-LOA,LOA,16,3,4,9,"M=3, L=4, K=9",0,0,0.975865,0.990205,3006.069,0.050499,0.035271,Baixo erro,68.9048,41.6768,0.38869,583.232,4.015625,1.560831,6.267713,0.748589,Prioridade em acuracia,0,0,1,1
242,M-AxPPA,M-AxPPA-LOA,LOA,16,3,5,8,"M=3, L=5, K=8",0,0,0.980228,0.991979,2493.218,0.041438,0.02812,Baixo erro,64.3722,39.6845,0.445347,603.155,4.125,1.837058,7.577866,0.736043,Prioridade em acuracia,0,0,1,1
243,M-AxPPA,M-AxPPA-LOA,LOA,16,3,6,7,"M=3, L=6, K=7",0,0,0.984571,0.993747,1895.595,0.032467,0.020473,Baixo erro,58.7271,34.471,0.515911,655.29,4.234375,2.18456,9.250248,0.712956,Prioridade em acuracia,1,0,1,1
244,M-AxPPA,M-AxPPA-LOA,LOA,16,3,7,6,"M=3, L=7, K=6",0,0,0.988265,0.995244,1492.027,0.024706,0.015435,Baixo erro,55.3478,31.4993,0.558153,685.007,4.34375,2.424477,10.53132,0.699984,Prioridade em acuracia,0,0,1,1
245,M-AxPPA,M-AxPPA-LOA,LOA,16,3,8,5,"M=3, L=8, K=5",0,0,0.991299,0.996479,1117.738,0.018423,0.01026,Baixo erro,50.0377,29.8297,0.624529,701.703,4.453125,2.781107,12.384618,0.683152,Prioridade em acuracia,0,0,1,1
246,M-AxPPA,M-AxPPA-LOA,LOA,16,3,9,4,"M=3, L=9, K=4",0,0,0.994285,0.997685,705.077,0.012067,0.007127,Baixo erro,44.1553,25.5826,0.698058,744.174,4.5625,3.184891,14.531067,0.656274,Prioridade em acuracia,0,0,1,1
247,M-AxPPA,M-AxPPA-LOA,LOA,16,3,10,3,"M=3, L=10, K=3",0,0,0.996719,0.998672,447.94,0.006944,0.003901,Baixo erro,40.6781,22.6872,0.741524,773.128,4.671875,3.464305,16.184802,0.641081,Prioridade em acuracia,0,0,1,1
248,M-AxPPA,M-AxPPA-LOA,LOA,16,3,11,2,"M=3, L=11, K=2",0,0,0.99747,0.998981,352.023,0.005461,0.001828,Baixo erro,37.0949,19.907,0.786314,800.93,4.78125,3.759564,17.975414,0.624467,Prioridade em acuracia,0,0,1,1
249,M-AxPPA,M-AxPPA-LOA,LOA,16,3,12,1,"M=3, L=12, K=1",0,0,0.999031,0.999605,151.501,0.00199,0.001837,Baixo erro,30.7202,16.5078,0.865998,834.922,4.890625,4.235272,20.713126,0.594169,Prioridade em acuracia,0,0,1,1
250,M-AxPPA,M-AxPPA-LOA,LOA,16,4,1,11,"M=4, L=1, K=11",0,1,0.96354,0.985212,4460.721,0.076488,0.051,Erro controlado,75.425,49.1125,0.307187,508.875,3.796875,1.166352,4.428492,0.770619,Trade-off intermediario,0,0,1,0
251,M-AxPPA,M-AxPPA-LOA,LOA,16,4,2,10,"M=4, L=2, K=10",0,0,0.970014,0.987833,3680.241,0.062795,0.043215,Baixo erro,72.8495,44.3366,0.339382,556.634,3.90625,1.32571,5.178554,0.759619,Prioridade em acuracia,0,0,1,1
252,M-AxPPA,M-AxPPA-LOA,LOA,16,4,3,9,"M=4, L=3, K=9",0,0,0.975366,0.990005,3054.368,0.051606,0.035279,Baixo erro,67.0983,42.535,0.411271,574.65,4.015625,1.651511,6.63185,0.744027,Prioridade em acuracia,0,0,1,1
253,M-AxPPA,M-AxPPA-LOA,LOA,16,4,4,8,"M=4, L=4, K=8",0,0,0.98039,0.992048,2413.551,0.041178,0.027001,Baixo erro,63.6716,39.1929,0.454105,608.071,4.125,1.873182,7.726877,0.733713,Prioridade em acuracia,0,0,1,1
254,M-AxPPA,M-AxPPA-LOA,LOA,16,4,5,7,"M=4, L=5, K=7",0,0,0.985026,0.993925,1880.598,0.031373,0.021404,Baixo erro,58.9198,33.3134,0.513502,666.866,4.234375,2.174362,9.207063,0.710036,Prioridade em acuracia,0,0,1,1
255,M-AxPPA,M-AxPPA-LOA,LOA,16,4,6,6,"M=4, L=6, K=6",0,0,0.988356,0.995283,1475.293,0.024555,0.014857,Baixo erro,53.6319,30.2754,0.579602,697.246,4.34375,2.517645,10.936021,0.691799,Prioridade em acuracia,1,0,1,1
256,M-AxPPA,M-AxPPA-LOA,LOA,16,4,7,5,"M=4, L=7, K=5",0,0,0.991338,0.996492,1119.557,0.018296,0.010729,Baixo erro,50.0811,27.4593,0.623987,725.407,4.453125,2.778691,12.373858,0.677534,Prioridade em acuracia,0,0,1,1
257,M-AxPPA,M-AxPPA-LOA,LOA,16,4,8,4,"M=4, L=8, K=4",0,0,0.995014,0.997974,650.291,0.010364,0.008046,Baixo erro,45.5488,24.8712,0.68064,751.288,4.5625,3.105418,14.168469,0.658642,Prioridade em acuracia,0,0,1,1
258,M-AxPPA,M-AxPPA-LOA,LOA,16,4,9,3,"M=4, L=9, K=3",0,0,0.996955,0.998768,410.797,0.006455,0.003507,Baixo erro,39.8135,22.6655,0.752331,773.345,4.671875,3.514797,16.420691,0.638389,Prioridade em acuracia,0,0,1,1
259,M-AxPPA,M-AxPPA-LOA,LOA,16,4,10,2,"M=4, L=10, K=2",0,0,0.9987,0.9993,10300.0,0.0202,0.0013114184025630454,Baixo erro,36.1238,18.0355,0.798453,819.645,4.78125,3.817601,18.252907,0.617439,Prioridade em acuracia,0,0,1,1
260,M-AxPPA,M-AxPPA-LOA,LOA,16,4,11,1,"M=4, L=11, K=1",0,0,0.998301,0.999317,192.52,0.003701,0.000826,Baixo erro,29.9971,13.7279,0.875036,862.721,4.890625,4.279473,20.929297,0.586574,Prioridade em acuracia,0,0,1,1
261,M-AxPPA,M-AxPPA-LOA,LOA,16,5,1,10,"M=5, L=1, K=10",0,0,0.969439,0.987607,3782.308,0.064159,0.042228,Baixo erro,70.0806,43.885,0.373992,561.15,3.90625,1.460908,5.706671,0.749842,Prioridade em acuracia,0,0,1,1
262,M-AxPPA,M-AxPPA-LOA,LOA,16,5,2,9,"M=5, L=2, K=9",0,0,0.975506,0.990067,3058.382,0.051427,0.033806,Baixo erro,65.7612,39.8089,0.427985,601.911,4.015625,1.718628,6.901365,0.734878,Prioridade em acuracia,1,0,1,1
263,M-AxPPA,M-AxPPA-LOA,LOA,16,5,3,8,"M=5, L=3, K=8",0,0,0.979888,0.991849,2507.646,0.042328,0.026619,Baixo erro,62.3648,38.1891,0.470441,618.109,4.125,1.940567,8.00484,0.727255,Prioridade em acuracia,1,0,1,1
264,M-AxPPA,M-AxPPA-LOA,LOA,16,5,4,7,"M=5, L=4, K=7",0,0,0.985058,0.993937,1865.74,0.031276,0.021691,Baixo erro,57.4127,34.7829,0.532342,652.171,4.234375,2.254134,9.544848,0.707581,Prioridade em acuracia,0,0,1,1
265,M-AxPPA,M-AxPPA-LOA,LOA,16,5,5,6,"M=5, L=5, K=6",0,0,0.988217,0.995222,1464.502,0.02475,0.016134,Baixo erro,51.9243,31.7472,0.600946,682.528,4.34375,2.61036,11.338749,0.687519,Prioridade em acuracia,0,0,1,1
266,M-AxPPA,M-AxPPA-LOA,LOA,16,5,6,5,"M=5, L=6, K=5",0,0,0.9916,0.996598,1105.921,0.01772,0.010639,Baixo erro,49.1092,28.3531,0.636136,716.469,4.453125,2.832791,12.614774,0.676142,Prioridade em acuracia,0,0,1,1
267,M-AxPPA,M-AxPPA-LOA,LOA,16,5,7,4,"M=5, L=7, K=4",0,0,0.99458,0.997801,680.507,0.011361,0.007697,Baixo erro,43.646,22.9679,0.704424,770.321,4.5625,3.213936,14.663584,0.648028,Prioridade em acuracia,0,0,1,1
268,M-AxPPA,M-AxPPA-LOA,LOA,16,5,8,3,"M=5, L=8, K=3",0,0,0.996915,0.998749,447.505,0.006471,0.004321,Baixo erro,39.4687,19.9299,0.756641,800.701,4.671875,3.534933,16.514763,0.630189,Prioridade em acuracia,0,0,1,1
269,M-AxPPA,M-AxPPA-LOA,LOA,16,5,9,2,"M=5, L=9, K=2",0,0,0.998131,0.999247,258.862,0.004031,0.001378,Baixo erro,33.6531,17.0061,0.829336,829.939,4.78125,3.965264,18.95892,0.606263,Prioridade em acuracia,0,0,1,1
270,M-AxPPA,M-AxPPA-LOA,LOA,16,5,10,1,"M=5, L=10, K=1",0,0,0.999136,0.99965,121.173,0.001835,0.000963,Baixo erro,29.3641,13.5177,0.882949,864.823,4.890625,4.318173,21.118567,0.583695,Prioridade em acuracia,0,0,1,1
271,M-AxPPA,M-AxPPA-LOA,LOA,16,6,1,9,"M=6, L=1, K=9",0,0,0.975649,0.990124,2988.442,0.051104,0.033859,Baixo erro,64.9434,40.773,0.438208,592.27,4.015625,1.759678,7.066208,0.734031,Prioridade em acuracia,0,0,1,1
272,M-AxPPA,M-AxPPA-LOA,LOA,16,6,2,8,"M=6, L=2, K=8",0,0,0.980318,0.992018,2425.123,0.041317,0.027231,Baixo erro,62.1209,36.1954,0.473488,638.046,4.125,1.953139,8.0567,0.721284,Prioridade em acuracia,0,0,1,1
273,M-AxPPA,M-AxPPA-LOA,LOA,16,6,3,7,"M=6, L=3, K=7",0,0,0.984674,0.99379,1941.912,0.032289,0.01989,Baixo erro,57.0193,32.0695,0.537259,679.305,4.234375,2.274955,9.633014,0.7022,Prioridade em acuracia,1,0,1,1
274,M-AxPPA,M-AxPPA-LOA,LOA,16,6,4,6,"M=6, L=4, K=6",0,0,0.988531,0.995348,1434.597,0.024066,0.015985,Baixo erro,52.3063,30.6648,0.596171,693.352,4.34375,2.589617,11.248648,0.686657,Prioridade em acuracia,0,0,1,1
275,M-AxPPA,M-AxPPA-LOA,LOA,16,6,5,5,"M=6, L=5, K=5",0,1,0.991813,0.99668,1079.054,0.017179,0.011407,Baixo erro,46.3397,25.7435,0.670753,742.565,4.453125,2.986949,13.301257,0.659613,Prioridade em acuracia,0,0,1,1
276,M-AxPPA,M-AxPPA-LOA,LOA,16,6,6,4,"M=6, L=6, K=4",0,0,0.994734,0.997869,686.779,0.011161,0.006087,Baixo erro,42.3801,23.2352,0.720249,767.648,4.5625,3.286136,14.992994,0.645911,Prioridade em acuracia,0,0,1,1
277,M-AxPPA,M-AxPPA-LOA,LOA,16,6,7,3,"M=6, L=7, K=3",0,0,0.996574,0.99861,477.777,0.007183,0.004843,Baixo erro,38.3029,21.2938,0.771213,787.062,4.671875,3.603013,16.832826,0.628455,Prioridade em acuracia,0,0,1,1
278,M-AxPPA,M-AxPPA-LOA,LOA,16,6,8,2,"M=6, L=8, K=2",0,0,0.998242,0.999288,234.786,0.003721,0.002089,Baixo erro,34.2385,16.3457,0.822018,836.543,4.78125,3.930275,18.791627,0.606092,Prioridade em acuracia,0,0,1,1
279,M-AxPPA,M-AxPPA-LOA,LOA,16,6,9,1,"M=6, L=9, K=1",0,0,0.998712,0.999482,184.855,0.002805,0.000636,Baixo erro,28.2849,14.7277,0.896438,852.723,4.890625,4.384144,21.441206,0.582885,Prioridade em acuracia,0,0,1,1
280,M-AxPPA,M-AxPPA-LOA,LOA,16,7,1,8,"M=7, L=1, K=8",0,0,0.981134,0.992346,2382.732,0.039526,0.026983,Baixo erro,59.7737,36.446,0.502829,635.54,4.125,2.074168,8.555942,0.713735,Prioridade em acuracia,0,0,1,1
281,M-AxPPA,M-AxPPA-LOA,LOA,16,7,2,7,"M=7, L=2, K=7",0,0,0.985287,0.99403,1851.073,0.030816,0.021145,Baixo erro,55.0447,31.7865,0.561942,682.135,4.234375,2.379472,10.075577,0.693109,Prioridade em acuracia,0,0,1,1
282,M-AxPPA,M-AxPPA-LOA,LOA,16,7,3,6,"M=7, L=3, K=6",0,0,0.988405,0.995298,1488.115,0.024343,0.016023,Baixo erro,50.3395,30.1937,0.620756,698.063,4.34375,2.696409,11.712526,0.678547,Prioridade em acuracia,0,0,1,1
283,M-AxPPA,M-AxPPA-LOA,LOA,16,7,4,5,"M=7, L=4, K=5",0,1,0.992312,0.996883,1000.821,0.016165,0.010355,Baixo erro,46.8788,25.9519,0.664015,740.481,4.453125,2.956943,13.167638,0.663184,Prioridade em acuracia,0,0,1,1
284,M-AxPPA,M-AxPPA-LOA,LOA,16,7,5,4,"M=7, L=5, K=4",0,0,0.994386,0.997723,685.047,0.011791,0.007714,Baixo erro,42.1963,22.7933,0.722546,772.067,4.5625,3.296618,15.040819,0.642445,Prioridade em acuracia,0,0,1,1
285,M-AxPPA,M-AxPPA-LOA,LOA,16,7,6,3,"M=7, L=6, K=3",0,0,0.997372,0.998932,383.897,0.005455,0.004322,Baixo erro,37.6213,20.022,0.779734,799.78,4.671875,3.642819,17.018795,0.623793,Prioridade em acuracia,0,0,1,1
286,M-AxPPA,M-AxPPA-LOA,LOA,16,7,7,2,"M=7, L=7, K=2",0,0,0.997547,0.999009,318.2,0.00523,0.002487,Baixo erro,32.3086,15.5429,0.846143,844.571,4.78125,4.045621,19.343126,0.596976,Prioridade em acuracia,0,0,1,1
287,M-AxPPA,M-AxPPA-LOA,LOA,16,7,8,1,"M=7, L=8, K=1",0,0,0.999612,0.999841,87.33,0.00077,0.001039,Baixo erro,29.0489,13.9823,0.886889,860.177,4.890625,4.337442,21.212801,0.583511,Prioridade em acuracia,0,0,1,1
288,M-AxPPA,M-AxPPA-LOA,LOA,16,8,1,7,"M=8, L=1, K=7",0,0,0.98522,0.994004,1879.996,0.030969,0.021104,Baixo erro,53.9496,32.0384,0.57563,679.616,4.234375,2.437433,10.321003,0.689802,Prioridade em acuracia,0,0,1,1
289,M-AxPPA,M-AxPPA-LOA,LOA,16,8,2,6,"M=8, L=2, K=6",0,0,0.989572,0.995765,1297.077,0.021763,0.015867,Baixo erro,50.8953,27.6937,0.613809,723.063,4.34375,2.666232,11.581447,0.675177,Prioridade em acuracia,0,0,1,1
290,M-AxPPA,M-AxPPA-LOA,LOA,16,8,3,5,"M=8, L=3, K=5",0,1,0.992407,0.996923,975.76,0.015987,0.009969,Baixo erro,46.0134,24.3354,0.674833,756.646,4.453125,3.005115,13.382151,0.656951,Prioridade em acuracia,0,0,1,1
291,M-AxPPA,M-AxPPA-LOA,LOA,16,8,4,4,"M=8, L=4, K=4",0,0,0.994728,0.997861,653.798,0.011048,0.00751,Baixo erro,41.4269,22.2654,0.732164,777.346,4.5625,3.340499,15.241029,0.638759,Prioridade em acuracia,0,0,1,1
292,M-AxPPA,M-AxPPA-LOA,LOA,16,8,5,3,"M=8, L=5, K=3",0,0,0.997414,0.998946,352.406,0.005324,0.004757,Baixo erro,36.9401,17.9571,0.788249,820.429,4.671875,3.682599,17.204643,0.616302,Prioridade em acuracia,0,0,1,1
293,M-AxPPA,M-AxPPA-LOA,LOA,16,8,6,2,"M=8, L=6, K=2",0,0,0.99863,0.999441,157.508,0.002797,0.002776,Baixo erro,31.8062,15.682,0.852422,843.18,4.78125,4.075643,19.486669,0.595164,Prioridade em acuracia,0,0,1,1
294,M-AxPPA,M-AxPPA-LOA,LOA,16,8,7,1,"M=8, L=7, K=1",0,0,0.999227,0.99969,90.247,0.001696,0.000236,Baixo erro,26.7509,11.4876,0.915614,885.124,4.890625,4.477926,21.899859,0.570689,Prioridade em acuracia,0,0,1,1
295,M-AxPPA,M-AxPPA-LOA,LOA,16,9,1,6,"M=9, L=1, K=6",0,0,0.989696,0.995815,1330.321,0.021491,0.015841,Baixo erro,49.8402,27.1046,0.626998,728.954,4.34375,2.723522,11.830297,0.670134,Prioridade em acuracia,0,0,1,1
296,M-AxPPA,M-AxPPA-LOA,LOA,16,9,2,5,"M=9, L=2, K=5",0,0,0.992072,0.996789,1010.743,0.016733,0.00995,Baixo erro,45.1187,25.8018,0.686017,741.982,4.453125,3.054919,13.603936,0.657021,Prioridade em acuracia,0,0,1,1
297,M-AxPPA,M-AxPPA-LOA,LOA,16,9,3,4,"M=9, L=3, K=4",0,0,0.995117,0.998019,644.782,0.010224,0.007056,Baixo erro,40.4351,21.6621,0.744561,783.379,4.5625,3.39706,15.499086,0.634393,Prioridade em acuracia,0,0,1,1
298,M-AxPPA,M-AxPPA-LOA,LOA,16,9,4,3,"M=9, L=4, K=3",0,0,0.997072,0.998815,419.807,0.006198,0.003472,Baixo erro,35.8963,17.0742,0.801296,829.258,4.671875,3.743555,17.489421,0.612068,Prioridade em acuracia,0,0,1,1
299,M-AxPPA,M-AxPPA-LOA,LOA,16,9,5,2,"M=9, L=5, K=2",0,0,0.998803,0.999515,168.48,0.00251,0.001676,Baixo erro,31.3628,15.8594,0.857965,841.406,4.78125,4.102143,19.613372,0.595211,Prioridade em acuracia,0,0,1,1
300,M-AxPPA,M-AxPPA-LOA,LOA,16,9,6,1,"M=9, L=6, K=1",0,0,0.999579,0.999828,68.666,0.000862,0.000828,Baixo erro,27.4421,11.3962,0.906973,886.038,4.890625,4.435667,21.693185,0.572289,Prioridade em acuracia,0,0,1,1
301,M-AxPPA,M-AxPPA-LOA,LOA,16,10,1,5,"M=10, L=1, K=5",0,1,0.991711,0.996644,1097.866,0.017516,0.010181,Baixo erro,45.0876,25.0008,0.686405,749.992,4.453125,3.056647,13.611629,0.654878,Prioridade em acuracia,0,0,1,1
302,M-AxPPA,M-AxPPA-LOA,LOA,16,10,2,4,"M=10, L=2, K=4",0,0,0.994795,0.997892,682.757,0.011,0.006386,Baixo erro,39.9692,19.7268,0.750385,802.732,4.5625,3.423632,15.62032,0.629202,Prioridade em acuracia,0,0,1,1
303,M-AxPPA,M-AxPPA-LOA,LOA,16,10,3,3,"M=10, L=3, K=3",0,0,0.996754,0.998684,391.248,0.00682,0.004417,Baixo erro,34.8612,16.466,0.814234,835.34,4.671875,3.804002,17.77182,0.605962,Prioridade em acuracia,0,0,1,1
304,M-AxPPA,M-AxPPA-LOA,LOA,16,10,4,2,"M=10, L=4, K=2",0,0,0.99832,0.99932,261.993,0.003569,0.001856,Baixo erro,31.8734,15.5918,0.851583,844.082,4.78125,4.071629,19.467476,0.59624,Prioridade em acuracia,0,0,1,1
305,M-AxPPA,M-AxPPA-LOA,LOA,16,10,5,1,"M=10, L=5, K=1",0,0,0.99957,0.999823,70.369,0.000846,0.001238,Baixo erro,25.1063,12.2771,0.936172,877.229,4.890625,4.578464,22.391552,0.565434,Prioridade em acuracia,0,0,1,1
306,M-AxPPA,M-AxPPA-LOA,LOA,16,11,1,4,"M=11, L=1, K=4",0,0,0.995254,0.998073,626.121,0.009919,0.007067,Baixo erro,37.8918,20.1198,0.776353,798.802,4.5625,3.542109,16.160872,0.621886,Prioridade em acuracia,0,0,1,1
307,M-AxPPA,M-AxPPA-LOA,LOA,16,11,2,3,"M=11, L=2, K=3",0,0,0.996842,0.998719,429.516,0.006633,0.004326,Baixo erro,35.1143,17.8068,0.811071,821.932,4.671875,3.789224,17.702783,0.609934,Prioridade em acuracia,0,0,1,1
308,M-AxPPA,M-AxPPA-LOA,LOA,16,11,3,2,"M=11, L=3, K=2",0,0,0.998071,0.99922,292.064,0.004103,0.002075,Baixo erro,31.0699,14.1585,0.861627,858.415,4.78125,4.119652,19.697086,0.589953,Prioridade em acuracia,0,0,1,1
309,M-AxPPA,M-AxPPA-LOA,LOA,16,11,4,1,"M=11, L=4, K=1",0,0,0.999198,0.999678,108.933,0.001764,0.000215,Baixo erro,25.1839,11.8175,0.935202,881.825,4.890625,4.573721,22.368352,0.565846,Prioridade em acuracia,0,0,1,1
310,M-AxPPA,M-AxPPA-LOA,LOA,16,12,1,3,"M=12, L=1, K=3",0,1,0.997048,0.998802,358.167,0.006176,0.004305,Baixo erro,33.4211,17.4724,0.832237,825.276,4.671875,3.888105,18.164741,0.603171,Prioridade em acuracia,0,0,1,1
311,M-AxPPA,M-AxPPA-LOA,LOA,16,12,2,2,"M=12, L=2, K=2",0,0,0.99887,0.999539,132.585,0.00231,0.00227,Baixo erro,30.1325,12.7768,0.873344,872.232,4.78125,4.175675,19.964948,0.583328,Prioridade em acuracia,0,0,1,1
312,M-AxPPA,M-AxPPA-LOA,LOA,16,12,3,1,"M=12, L=3, K=1",0,0,0.999948,0.999977,55.052,5.9e-05,0.000632,Baixo erro,25.0479,10.2655,0.936901,897.345,4.890625,4.582031,22.408995,0.561457,Prioridade em acuracia,0,0,1,1
313,M-AxPPA,M-AxPPA-LOA,LOA,16,13,1,2,"M=13, L=1, K=2",0,0,0.998613,0.999435,215.749,0.002855,0.002558,Baixo erro,28.4849,12.9299,0.893938,870.701,4.78125,4.274142,20.435741,0.577458,Prioridade em acuracia,0,0,1,1
314,M-AxPPA,M-AxPPA-LOA,LOA,16,13,2,1,"M=13, L=2, K=1",0,0,0.999832,0.999928,27.854,0.000271,0.001159,Baixo erro,23.4784,8.2872,0.95652,917.128,4.890625,4.677981,22.87825,0.550881,Prioridade em acuracia,0,0,1,1
315,M-AxPPA,M-AxPPA-LOA,LOA,16,14,1,1,"M=14, L=1, K=1",0,0,0.999171,0.999665,100.366,0.001757,0.000959,Baixo erro,23.1675,8.6433,0.960406,913.567,4.890625,4.696984,22.971188,0.550784,Prioridade em acuracia,0,0,1,1
316,Literature,COPY,COPY,16,0,0,1,K=1,1,1,0.99985,0.999933,0.0,0.000174,0.001789,Baixo erro,21.0469,15.8485,0.986914,841.515,4.890625,4.826628,23.605225,0.558217,Prioridade em acuracia,0,0,1,1
317,Literature,COPY,COPY,16,0,0,2,K=2,1,1,0.996813,0.998708,425.165,0.006712,0.004173,Baixo erro,23.8083,18.9137,0.952396,810.863,4.78125,4.553642,21.772103,0.572177,Prioridade em acuracia,0,0,1,1
318,Literature,COPY,COPY,16,0,0,3,K=3,1,1,0.993625,0.997415,823.069,0.013393,0.008704,Baixo erro,29.0161,24.3608,0.887299,756.392,4.671875,4.145351,19.36656,0.597727,Prioridade em acuracia,0,0,1,1
319,Literature,COPY,COPY,16,0,0,4,K=4,1,1,0.990043,0.99596,1194.987,0.020847,0.014394,Baixo erro,34.1067,27.5894,0.823667,724.106,4.5625,3.757979,17.145779,0.616645,Prioridade em acuracia,0,0,1,1
320,Literature,COPY,COPY,16,0,0,5,K=5,1,1,0.98415,0.993574,1966.002,0.033313,0.021492,Baixo erro,39.2761,30.418,0.759049,695.82,4.453125,3.380141,15.05219,0.633375,Prioridade em acuracia,0,0,1,1
321,Literature,COPY,COPY,16,0,0,6,K=6,1,1,0.977002,0.990676,2840.411,0.04833,0.031247,Baixo erro,42.6308,34.1218,0.717115,658.782,4.34375,3.114969,13.530647,0.642568,Prioridade em acuracia,0,0,1,1
322,Literature,COPY,COPY,16,0,0,7,K=7,1,1,0.96846,0.987218,3828.249,0.066399,0.041517,Baixo erro,48.5498,39.0051,0.643128,609.949,4.234375,2.723244,11.531236,0.66295,Prioridade em acuracia,0,0,1,1
323,Literature,COPY,COPY,16,0,0,8,K=8,1,1,0.96015,0.983836,4838.904,0.083575,0.056018,Erro controlado,51.0708,42.8665,0.611615,571.335,4.125,2.52291,10.407006,0.664172,Trade-off intermediario,0,0,1,0
324,Literature,COPY,COPY,16,0,0,9,K=9,1,1,0.948255,0.979024,6239.607,0.108824,0.069369,Erro controlado,56.3062,46.3699,0.546173,536.301,4.015625,2.193225,8.807169,0.675591,Trade-off intermediario,0,0,1,0
325,Literature,COPY,COPY,16,0,0,10,K=10,1,1,0.936311,0.974176,7682.975,0.133784,0.087147,Erro controlado,61.921,47.8938,0.475987,521.062,3.90625,1.859325,7.26299,0.679002,Trade-off intermediario,0,0,1,0
326,Literature,COPY,COPY,16,0,0,11,K=11,1,1,0.923658,0.969048,9253.884,0.160428,0.103737,Erro moderado,64.7946,51.7575,0.440068,482.425,3.796875,1.670881,6.344128,0.679137,Trade-off intermediario,0,0,0,0
327,Literature,COPY,COPY,16,0,0,12,K=12,1,1,0.90923,0.963195,10908.24,0.190663,0.124298,Erro moderado,68.8806,56.7738,0.388993,432.262,3.6875,1.434411,5.289389,0.681681,Trade-off intermediario,0,0,0,0
328,Literature,COPY,COPY,16,0,0,13,K=13,1,1,0.892667,0.956486,12925.534,0.225615,0.145166,Erro moderado,74.9879,58.8613,0.312651,411.387,3.578125,1.118706,4.002869,0.684619,Trade-off intermediario,0,0,0,0
329,Literature,COPY,COPY,16,0,0,14,K=14,1,1,0.875842,0.949658,14968.232,0.260824,0.169689,Erro moderado,79.5773,63.4763,0.255284,365.237,3.46875,0.885516,3.071632,0.683614,Trade-off intermediario,0,0,0,0
330,Literature,COPY,COPY,16,0,0,15,K=15,1,1,0.857848,0.94236,17052.443,0.298586,0.194723,Erro moderado,82.8624,66.5834,0.21422,334.166,3.359375,0.719645,2.417556,0.674038,Trade-off intermediario,0,0,0,0
331,Literature,COPY,COPY,16,0,0,16,K=16,1,1,0.838307,0.934442,19418.721,0.339745,0.220198,Erro moderado,88.873,69.758,0.139088,302.42,3.25,0.452036,1.469118,0.67385,Prioridade em energia,0,0,0,0
332,Literature,LOA,LOA,16,0,0,1,K=1,1,1,0.999679,0.999866,9.598,0.000584,0.001462,Baixo erro,16.5094,11.0349,1.043633,889.651,4.890625,5.104018,24.961839,0.53173,Prioridade em acuracia,0,0,1,1
333,Literature,LOA,LOA,16,0,0,2,K=2,1,1,0.998543,0.999409,236.318,0.003049,0.002121,Baixo erro,21.7579,15.8982,0.978026,841.018,4.78125,4.676189,22.358028,0.560493,Prioridade em acuracia,0,0,1,1
334,Literature,LOA,LOA,16,0,0,3,K=3,1,1,0.995871,0.998331,554.095,0.008801,0.004226,Baixo erro,25.0654,19.1492,0.936683,808.508,4.671875,4.376065,20.44443,0.577128,Prioridade em acuracia,0,0,1,1
335,Literature,LOA,LOA,16,0,0,4,K=4,1,1,0.993357,0.997303,829.106,0.013883,0.009893,Baixo erro,30.4141,21.9979,0.869824,780.021,4.5625,3.968572,18.106611,0.596153,Prioridade em acuracia,0,0,1,1
336,Literature,LOA,LOA,16,0,0,5,K=5,1,1,0.989936,0.995921,1236.375,0.021179,0.013344,Baixo erro,34.0242,25.1261,0.824697,748.739,4.453125,3.672479,16.354009,0.612082,Prioridade em acuracia,0,0,1,1
337,Literature,LOA,LOA,16,0,0,6,K=6,1,1,0.984808,0.993843,1903.982,0.031982,0.020019,Baixo erro,39.3845,28.9689,0.757694,710.311,4.34375,3.291232,14.296288,0.632214,Prioridade em acuracia,0,0,1,1
338,Literature,LOA,LOA,16,0,0,7,K=7,1,1,0.979757,0.991792,2462.907,0.042534,0.027565,Baixo erro,43.0212,32.1457,0.712235,678.543,4.234375,3.01587,12.770324,0.643736,Prioridade em acuracia,0,0,1,1
339,Literature,LOA,LOA,16,0,0,8,K=8,1,1,0.973453,0.98924,3238.186,0.05586,0.035237,Baixo erro,49.0764,38.0632,0.636544,619.368,4.125,2.625746,10.831201,0.669817,Prioridade em acuracia,0,0,1,1
340,Literature,LOA,LOA,16,0,0,9,K=9,1,1,0.966813,0.986548,4091.088,0.069803,0.044383,Baixo erro,53.4878,40.9778,0.581403,590.222,4.015625,2.334695,9.37526,0.681724,Prioridade em acuracia,0,0,1,1
341,Literature,LOA,LOA,16,0,0,10,K=10,1,1,0.959512,0.983584,4975.408,0.085059,0.055291,Erro controlado,56.8253,44.2377,0.539684,557.623,3.90625,2.108141,8.234924,0.688576,Trade-off intermediario,0,0,1,0
342,Literature,LOA,LOA,16,0,0,11,K=11,1,1,0.950763,0.980038,6032.101,0.10347,0.066885,Erro controlado,62.6335,49.1114,0.467081,508.886,3.796875,1.773449,6.733565,0.70705,Trade-off intermediario,0,0,1,0
343,Literature,LOA,LOA,16,0,0,12,K=12,1,1,0.941737,0.97637,7047.181,0.122259,0.081154,Erro controlado,66.4112,52.3003,0.41986,476.997,3.6875,1.548233,5.709108,0.711534,Trade-off intermediario,0,0,1,0
344,Literature,LOA,LOA,16,0,0,13,K=13,1,1,0.931388,0.97218,8298.986,0.144124,0.093904,Erro controlado,70.065,54.8907,0.374188,451.093,3.578125,1.338891,4.79072,0.715961,Trade-off intermediario,0,0,1,0
345,Literature,LOA,LOA,16,0,0,14,K=14,1,1,0.919644,0.967424,9701.207,0.168921,0.108536,Erro moderado,74.1581,58.4041,0.323023,415.959,3.46875,1.120488,3.886692,0.72188,Trade-off intermediario,0,0,0,0
346,Literature,LOA,LOA,16,0,0,15,K=15,1,1,0.90759,0.962536,11169.859,0.194229,0.125159,Erro moderado,80.1106,62.3009,0.248618,376.991,3.359375,0.835199,2.805748,0.733047,Trade-off intermediario,0,0,0,0
347,Literature,LOA,LOA,16,0,0,16,K=16,1,1,0.895756,0.957734,12618.122,0.219023,0.142105,Erro moderado,84.8384,65.4421,0.18952,345.579,3.25,0.615939,2.001803,0.737805,Prioridade em area,0,0,0,0
348,Literature,TRUNC,TRUNC,16,0,0,1,K=1,1,1,0.998644,0.999448,171.013,0.002813,0.002269,Baixo erro,30.9982,35.4812,0.862523,645.188,4.890625,4.218275,20.630001,0.636653,Prioridade em acuracia,0,0,1,1
349,Literature,TRUNC,TRUNC,16,0,0,2,K=2,1,1,0.994417,0.997738,661.817,0.011772,0.007136,Baixo erro,35.9954,38.4247,0.800058,615.753,4.78125,3.825276,18.289602,0.655533,Prioridade em acuracia,0,0,1,1
350,Literature,TRUNC,TRUNC,16,0,0,3,K=3,1,1,0.988245,0.995231,1396.55,0.024621,0.016887,Baixo erro,40.6227,42.0354,0.742216,579.646,4.671875,3.467542,16.199924,0.66907,Prioridade em acuracia,0,0,1,1
351,Literature,TRUNC,TRUNC,16,0,0,4,K=4,1,1,0.978763,0.991389,2577.598,0.0446,0.029171,Baixo erro,43.1218,44.78,0.710977,552.2,4.5625,3.243834,14.799991,0.670239,Prioridade em acuracia,0,0,1,1
352,Literature,TRUNC,TRUNC,16,0,0,5,K=5,1,1,0.96748,0.986811,3890.059,0.068234,0.045362,Baixo erro,47.788,49.5358,0.65265,504.642,4.453125,2.906332,12.942258,0.679199,Prioridade em acuracia,0,0,1,1
353,Literature,TRUNC,TRUNC,16,0,0,6,K=6,1,1,0.95318,0.981017,5657.044,0.098374,0.063788,Erro controlado,54.0133,53.722,0.574833,462.78,4.34375,2.496932,10.846047,0.689951,Trade-off intermediario,0,0,1,0
354,Literature,TRUNC,TRUNC,16,0,0,7,K=7,1,1,0.936204,0.97413,7632.347,0.133955,0.087909,Erro controlado,56.5219,57.0038,0.543476,429.962,4.234375,2.301282,9.744489,0.679017,Trade-off intermediario,0,0,1,0
355,Literature,TRUNC,TRUNC,16,0,0,8,K=8,1,1,0.917257,0.966447,9893.699,0.173742,0.113967,Erro moderado,61.2572,59.3517,0.484286,406.483,4.125,1.997678,8.240421,0.671788,Trade-off intermediario,0,0,0,0
356,Literature,TRUNC,TRUNC,16,0,0,9,K=9,1,1,0.894867,0.95737,12605.601,0.220809,0.144231,Erro moderado,66.9168,63.9132,0.41354,360.868,4.015625,1.660621,6.668431,0.668023,Trade-off intermediario,0,0,0,0
357,Literature,TRUNC,TRUNC,16,0,0,10,K=10,1,1,0.87004,0.947301,15562.032,0.272913,0.178724,Erro moderado,71.8967,66.3769,0.351291,336.231,3.90625,1.372232,5.360281,0.652429,Trade-off intermediario,0,0,0,0
358,Literature,TRUNC,TRUNC,16,0,0,11,K=11,1,1,0.842565,0.936165,18807.644,0.330721,0.215269,Erro moderado,76.1281,71.5031,0.298399,284.969,3.796875,1.132984,4.301799,0.637742,Trade-off intermediario,0,0,0,0
359,Literature,TRUNC,TRUNC,16,0,0,12,K=12,1,1,0.812274,0.923883,22461.15,0.394355,0.256643,Erro alto,80.1412,74.4423,0.248234,255.577,3.6875,0.915365,3.375407,0.612001,Trade-off intermediario,0,0,0,0
360,Literature,TRUNC,TRUNC,16,0,0,13,K=13,1,1,0.779655,0.910659,26313.971,0.462916,0.300813,Erro alto,85.3867,77.6573,0.182666,223.427,3.578125,0.653601,2.338666,0.588123,Prioridade em energia,0,0,0,0
361,Literature,TRUNC,TRUNC,16,0,0,14,K=14,1,1,0.744981,0.896601,30455.372,0.535792,0.347816,Erro alto,90.0968,80.3929,0.123789,196.071,3.46875,0.429395,1.489462,0.558084,Prioridade em energia,0,0,0,0
362,Literature,TRUNC,TRUNC,16,0,0,15,K=15,1,1,0.707218,0.881288,34930.467,0.615095,0.399734,Erro alto,94.5492,86.6688,0.068135,133.312,3.359375,0.228892,0.768933,0.529423,Prioridade em energia,0,1,0,0
363,Literature,TRUNC,TRUNC,16,0,0,16,K=16,1,1,0.300099,0.67004,56701.531,0.99978,5000.0,Erro alto,97.0816,90.3988,0.036481,96.012,3.25,0.118562,0.385325,0.54672,Prioridade em energia,0,1,0,0
364,Literature,LDCA,LDCA,16,0,0,1,K=1,1,1,0.999914,0.99996,0.0,5.2e-05,0.001557,Baixo erro,18.4494,13.9043,1.019382,860.957,4.890625,4.985417,24.381805,0.5449,Prioridade em acuracia,0,0,1,1
365,Literature,LDCA,LDCA,16,0,0,2,K=2,1,1,0.997502,0.998993,299.148,0.00537,0.00203,Baixo erro,23.2506,17.4226,0.959368,825.774,4.78125,4.586978,21.931489,0.569299,Prioridade em acuracia,0,0,1,1
366,Literature,LDCA,LDCA,16,0,0,3,K=3,1,1,0.994967,0.997959,643.157,0.01056,0.007022,Baixo erro,28.4963,22.0208,0.893796,779.792,4.671875,4.175704,19.508368,0.592587,Prioridade em acuracia,0,0,1,1
367,Literature,LDCA,LDCA,16,0,0,4,K=4,1,1,0.991548,0.996573,1045.778,0.017759,0.011498,Baixo erro,32.6612,25.1659,0.841735,748.341,4.5625,3.840414,17.521889,0.609381,Prioridade em acuracia,0,0,1,1
368,Literature,LDCA,LDCA,16,0,0,5,K=5,1,1,0.987506,0.994933,1564.117,0.02621,0.017481,Baixo erro,36.5808,28.7309,0.79274,712.691,4.453125,3.530173,15.7203,0.624531,Prioridade em acuracia,0,0,1,1
369,Literature,LDCA,LDCA,16,0,0,6,K=6,1,1,0.98089,0.992251,2368.796,0.040126,0.02633,Baixo erro,40.4277,32.7859,0.744653,672.141,4.34375,3.234587,14.050238,0.63728,Prioridade em acuracia,0,0,1,1
370,Literature,LDCA,LDCA,16,0,0,7,K=7,1,1,0.973849,0.989399,3193.572,0.054999,0.035037,Baixo erro,45.4935,35.2511,0.681332,647.489,4.234375,2.885014,12.21623,0.651024,Prioridade em acuracia,0,0,1,1
371,Literature,LDCA,LDCA,16,0,0,8,K=8,1,1,0.966598,0.986459,4092.746,0.070234,0.044925,Baixo erro,51.1552,39.9146,0.61056,600.854,4.125,2.518562,10.389068,0.670431,Prioridade em acuracia,0,0,1,1
372,Literature,LDCA,LDCA,16,0,0,9,K=9,1,1,0.958233,0.983066,5112.436,0.087766,0.056802,Erro controlado,55.3154,44.7851,0.558558,552.149,4.015625,2.24296,9.006885,0.682694,Trade-off intermediario,0,0,1,0
373,Literature,LDCA,LDCA,16,0,0,10,K=10,1,1,0.948095,0.978952,6303.167,0.108978,0.071619,Erro controlado,58.6897,47.009,0.516379,529.91,3.90625,2.017105,7.879316,0.682985,Trade-off intermediario,0,0,1,0
374,Literature,LDCA,LDCA,16,0,0,11,K=11,1,1,0.936562,0.974278,7721.46,0.133265,0.086714,Erro controlado,63.6501,50.0946,0.454374,499.054,3.796875,1.725202,6.550377,0.690534,Trade-off intermediario,0,0,1,0
375,Literature,LDCA,LDCA,16,0,0,12,K=12,1,1,0.924591,0.969426,9132.139,0.158455,0.102602,Erro moderado,67.1502,53.8302,0.410622,461.698,3.6875,1.51417,5.583501,0.693413,Trade-off intermediario,0,0,0,0
376,Literature,LDCA,LDCA,16,0,0,13,K=13,1,1,0.91262,0.964564,10571.729,0.183423,0.121007,Erro moderado,73.5434,58.3466,0.330707,416.534,3.578125,1.183312,4.234038,0.705519,Trade-off intermediario,0,0,0,0
377,Literature,LDCA,LDCA,16,0,0,14,K=14,1,1,0.898297,0.958764,12284.986,0.213677,0.138705,Erro moderado,76.8022,60.7768,0.289973,392.232,3.46875,1.005843,3.489017,0.70261,Trade-off intermediario,0,0,0,0
378,Literature,LDCA,LDCA,16,0,0,15,K=15,1,1,0.88313,0.952613,14042.408,0.245521,0.159641,Erro moderado,81.0917,65.0386,0.236354,349.614,3.359375,0.794002,2.66735,0.70379,Trade-off intermediario,0,0,0,0
379,Literature,LDCA,LDCA,16,0,0,16,K=16,1,1,0.866215,0.945758,16098.754,0.28111,0.182133,Erro moderado,86.8001,68.998,0.164999,310.02,3.25,0.536247,1.742803,0.707617,Prioridade em energia,0,0,0,0
380,Literature,LZTA,LZTA,16,0,0,1,K=1,1,1,0.999692,0.999871,8.446,0.000566,0.001333,Baixo erro,23.8711,20.1426,0.951612,798.574,4.890625,4.653976,22.760853,0.578317,Prioridade em acuracia,0,0,1,1
381,Literature,LZTA,LZTA,16,0,0,2,K=2,1,1,0.996567,0.998612,434.084,0.007301,0.003696,Baixo erro,27.4176,24.1505,0.90728,758.495,4.78125,4.337933,20.740744,0.59719,Prioridade em acuracia,0,0,1,1
382,Literature,LZTA,LZTA,16,0,0,3,K=3,1,1,0.993197,0.997241,867.017,0.014288,0.009338,Baixo erro,33.6196,27.2717,0.829755,727.283,4.671875,3.87651,18.110572,0.619894,Prioridade em acuracia,0,0,1,1
383,Literature,LZTA,LZTA,16,0,0,4,K=4,1,1,0.987126,0.994782,1552.845,0.027081,0.017198,Baixo erro,36.9774,29.5711,0.787782,704.289,4.5625,3.594256,16.398793,0.628125,Prioridade em acuracia,0,0,1,1
384,Literature,LZTA,LZTA,16,0,0,5,K=5,1,1,0.981108,0.992339,2320.977,0.039673,0.025975,Baixo erro,42.2079,33.1989,0.722401,668.011,4.453125,3.216941,14.325439,0.644951,Prioridade em acuracia,0,0,1,1
385,Literature,LZTA,LZTA,16,0,0,6,K=6,1,1,0.97167,0.988516,3463.474,0.059584,0.037935,Baixo erro,46.5288,37.7173,0.668391,622.827,4.34375,2.903322,12.611303,0.656915,Prioridade em acuracia,0,0,1,1
386,Literature,LZTA,LZTA,16,0,0,7,K=7,1,1,0.961758,0.984495,4619.493,0.080348,0.052138,Erro controlado,51.5006,41.493,0.606243,585.07,4.234375,2.56706,10.869896,0.667036,Trade-off intermediario,0,0,1,0
387,Literature,LZTA,LZTA,16,0,0,8,K=8,1,1,0.949707,0.979613,6082.106,0.105765,0.067478,Erro controlado,55.3403,43.7644,0.558246,562.356,4.125,2.302764,9.4989,0.668506,Trade-off intermediario,0,0,1,0
388,Literature,LZTA,LZTA,16,0,0,9,K=9,1,1,0.937022,0.974462,7596.511,0.13224,0.086736,Erro controlado,58.3812,49.5958,0.520235,504.042,4.015625,2.08907,8.388921,0.670588,Trade-off intermediario,0,0,1,0
389,Literature,LZTA,LZTA,16,0,0,10,K=10,1,1,0.921717,0.968264,9429.481,0.164564,0.105731,Erro moderado,65.0685,52.721,0.436644,472.79,3.90625,1.705642,6.662664,0.680002,Trade-off intermediario,0,0,0,0
390,Literature,LZTA,LZTA,16,0,0,11,K=11,1,1,0.905412,0.961653,11371.082,0.198814,0.128051,Erro moderado,69.1344,55.6297,0.38582,443.703,3.796875,1.46491,5.562079,0.675832,Trade-off intermediario,0,0,0,0
391,Literature,LZTA,LZTA,16,0,0,12,K=12,1,1,0.887964,0.954574,13447.621,0.235384,0.152837,Erro moderado,73.8221,58.748,0.327224,412.52,3.6875,1.206637,4.449475,0.671569,Trade-off intermediario,0,0,0,0
392,Literature,LZTA,LZTA,16,0,0,13,K=13,1,1,0.868293,0.9466,15838.136,0.27675,0.179238,Erro moderado,77.9972,61.7506,0.275035,382.494,3.578125,0.984109,3.521266,0.663403,Trade-off intermediario,0,0,0,0
393,Literature,LZTA,LZTA,16,0,0,14,K=14,1,1,0.847384,0.938118,18325.605,0.32059,0.208776,Erro moderado,82.0138,66.395,0.224828,336.05,3.46875,0.779872,2.705182,0.654771,Trade-off intermediario,0,0,0,0
394,Literature,LZTA,LZTA,16,0,0,15,K=15,1,1,0.824262,0.928742,21090.986,0.369141,0.240608,Erro moderado,86.7828,70.8419,0.165215,291.581,3.359375,0.555019,1.864517,0.645806,Prioridade em energia,0,0,0,0
395,Literature,LZTA,LZTA,16,0,0,16,K=16,1,1,0.800629,0.919157,23844.851,0.418716,0.273724,Erro alto,91.2796,73.953,0.109004,260.47,3.25,0.354264,1.151359,0.631469,Prioridade em energia,0,0,0,0
396,Literature,M-HEAA,M-HEAA,16,0,0,1,K=1,1,1,0.999948,0.999974,42.969,0.0,0.001299,Baixo erro,17.4709,11.2435,1.031614,887.565,4.890625,5.045239,24.674372,0.535809,Prioridade em acuracia,0,0,1,1
397,Literature,M-HEAA,M-HEAA,16,0,0,2,K=2,1,1,0.998553,0.999413,216.507,0.00304,0.001975,Baixo erro,22.1239,14.8832,0.973451,851.168,4.78125,4.654311,22.253425,0.559718,Prioridade em acuracia,0,0,1,1
398,Literature,M-HEAA,M-HEAA,16,0,0,3,K=3,1,1,0.99713,0.998839,347.257,0.006081,0.003344,Baixo erro,26.5706,19.2443,0.917867,807.557,4.671875,4.288162,20.033757,0.583707,Prioridade em acuracia,0,0,1,1
399,Literature,M-HEAA,M-HEAA,16,0,0,4,K=4,1,1,0.994857,0.997911,671.373,0.010724,0.007915,Baixo erro,32.146,22.148,0.848176,778.52,4.5625,3.869801,17.655968,0.604897,Prioridade em acuracia,0,0,1,1
400,Literature,M-HEAA,M-HEAA,16,0,0,5,K=5,1,1,0.991151,0.996411,1086.493,0.018574,0.012265,Baixo erro,36.2516,27.6123,0.796855,723.877,4.453125,3.548496,15.801897,0.626753,Prioridade em acuracia,0,0,1,1
401,Literature,M-HEAA,M-HEAA,16,0,0,6,K=6,1,1,0.987507,0.994939,1579.656,0.026346,0.01594,Baixo erro,40.7348,31.8974,0.740815,681.026,4.34375,3.217915,13.977818,0.648107,Prioridade em acuracia,0,0,1,1
402,Literature,M-HEAA,M-HEAA,16,0,0,7,K=7,1,1,0.983576,0.993342,2033.485,0.034525,0.022186,Baixo erro,43.5568,33.2447,0.70554,667.553,4.234375,2.987519,12.650275,0.654135,Prioridade em acuracia,0,0,1,1
403,Literature,M-HEAA,M-HEAA,16,0,0,8,K=8,1,1,0.97881,0.991408,2600.748,0.044519,0.028916,Baixo erro,48.1574,37.1374,0.648033,628.626,4.125,2.673136,11.026688,0.671602,Prioridade em acuracia,0,0,1,1
404,Literature,M-HEAA,M-HEAA,16,0,0,9,K=9,1,1,0.972907,0.989018,3346.425,0.056985,0.036248,Baixo erro,53.5635,42.5076,0.580456,574.924,4.015625,2.330895,9.36,0.694537,Prioridade em acuracia,0,0,1,1
405,Literature,M-HEAA,M-HEAA,16,0,0,10,K=10,1,1,0.965995,0.986217,4199.65,0.07153,0.045402,Baixo erro,57.4416,44.9613,0.53198,550.387,3.90625,2.078048,8.117375,0.703511,Prioridade em acuracia,0,0,1,1
406,Literature,M-HEAA,M-HEAA,16,0,0,11,K=11,1,1,0.959047,0.983395,4993.877,0.086035,0.055931,Erro controlado,62.1953,48.6119,0.472558,513.881,3.796875,1.794245,6.812525,0.716712,Trade-off intermediario,0,0,1,0
407,Literature,M-HEAA,M-HEAA,16,0,0,12,K=12,1,1,0.952307,0.980662,5836.889,0.100189,0.065207,Erro controlado,67.156,53.8727,0.41055,461.273,3.6875,1.513903,5.582517,0.735625,Trade-off intermediario,0,0,1,0
408,Literature,M-HEAA,M-HEAA,16,0,0,13,K=13,1,1,0.943074,0.976919,6914.067,0.119609,0.077549,Erro controlado,70.8421,56.6403,0.364474,433.597,3.578125,1.304135,4.666356,0.741019,Trade-off intermediario,0,0,1,0
409,Literature,M-HEAA,M-HEAA,16,0,0,14,K=14,1,1,0.934033,0.973255,8049.01,0.138631,0.089566,Erro controlado,76.8349,60.1805,0.289564,398.195,3.46875,1.004425,3.484099,0.756726,Trade-off intermediario,0,0,1,0
410,Literature,M-HEAA,M-HEAA,16,0,0,15,K=15,1,1,0.924349,0.969329,9226.458,0.158983,0.10273,Erro moderado,81.3597,64.1018,0.233003,358.982,3.359375,0.782746,2.629537,0.766742,Trade-off intermediario,0,0,0,0
411,Literature,M-HEAA,M-HEAA,16,0,0,16,K=16,1,1,0.914222,0.96522,10414.893,0.180193,0.117271,Erro moderado,84.0244,66.6619,0.199695,333.381,3.25,0.649009,2.109278,0.765554,Prioridade em area,0,0,0,0
412,Literature,AxPPA,AxPPA,16,0,0,1,K=1,1,1,0.999275,0.999708,74.301,0.001561,0.000559,Baixo erro,21.6265,16.3821,0.979669,836.179,4.890625,4.791193,23.431931,0.562852,Prioridade em acuracia,0,0,1,1
413,Literature,AxPPA,AxPPA,16,0,0,2,K=2,1,1,0.999695,0.999874,44.988,0.00058,0.001103,Baixo erro,24.8227,20.3299,0.939716,796.701,4.78125,4.493019,21.482249,0.582389,Prioridade em acuracia,0,0,1,1
414,Literature,AxPPA,AxPPA,16,0,0,3,K=3,1,1,0.998332,0.999325,242.754,0.003543,0.001855,Baixo erro,30.4997,24.6899,0.868754,753.101,4.671875,4.058711,18.961792,0.611464,Prioridade em acuracia,0,0,1,1
415,Literature,AxPPA,AxPPA,16,0,0,4,K=4,1,1,0.99669,0.998657,412.165,0.006931,0.004779,Baixo erro,35.6825,28.6844,0.803969,713.156,4.5625,3.668107,16.735739,0.635519,Prioridade em acuracia,0,0,1,1
416,Literature,AxPPA,AxPPA,16,0,0,5,K=5,1,1,0.994008,0.997576,817.472,0.012714,0.006771,Baixo erro,40.3591,30.992,0.745511,690.08,4.453125,3.319855,14.783727,0.655084,Prioridade em acuracia,0,0,1,1
417,Literature,AxPPA,AxPPA,16,0,0,6,K=6,1,1,0.991479,0.996547,1098.225,0.017941,0.011199,Baixo erro,44.0676,34.4691,0.699155,655.309,4.34375,3.036956,13.191775,0.671037,Prioridade em acuracia,0,0,1,1
418,Literature,AxPPA,AxPPA,16,0,0,7,K=7,1,1,0.989113,0.995585,1412.759,0.022857,0.015038,Baixo erro,47.8074,40.4057,0.652407,595.943,4.234375,2.762538,11.697622,0.693206,Prioridade em acuracia,0,0,1,1
419,Literature,AxPPA,AxPPA,16,0,0,8,K=8,1,1,0.98519,0.993998,1898.886,0.031188,0.019399,Baixo erro,53.9301,42.9314,0.575873,570.686,4.125,2.375478,9.798845,0.715751,Prioridade em acuracia,0,0,1,1
420,Literature,AxPPA,AxPPA,16,0,0,9,K=9,1,1,0.981736,0.992597,2295.021,0.038424,0.024323,Baixo erro,56.4117,45.4332,0.544853,545.668,4.015625,2.187926,8.78589,0.724606,Prioridade em acuracia,0,0,1,1
421,Literature,AxPPA,AxPPA,16,0,0,10,K=10,1,1,0.978194,0.991159,2697.539,0.045828,0.029592,Baixo erro,63.0214,51.3681,0.462232,486.319,3.90625,1.805596,7.053108,0.755411,Prioridade em acuracia,0,0,1,1
422,Literature,AxPPA,AxPPA,16,0,0,11,K=11,1,1,0.972476,0.988844,3443.407,0.057916,0.036554,Baixo erro,66.6524,52.5671,0.416845,474.329,3.796875,1.582707,6.009342,0.763194,Prioridade em acuracia,0,0,1,1
423,Literature,AxPPA,AxPPA,16,0,0,12,K=12,1,1,0.96789,0.986983,3962.341,0.067514,0.04322,Baixo erro,72.029,56.9806,0.349637,430.194,3.6875,1.289286,4.754244,0.784657,Prioridade em acuracia,0,1,1,1
424,Literature,AxPPA,AxPPA,16,0,0,13,K=13,1,1,0.962381,0.984747,4649.129,0.079032,0.051371,Erro controlado,76.6075,61.3687,0.292406,386.313,3.578125,1.046265,3.743667,0.801541,Trade-off intermediario,0,1,1,0
425,Literature,AxPPA,AxPPA,16,0,0,14,K=14,1,1,0.956738,0.982457,5311.726,0.090851,0.059464,Erro controlado,80.6054,65.3456,0.242432,346.544,3.46875,0.840937,2.917001,0.815507,Alta economia com erro controlado,1,1,1,0
426,Literature,AxPPA,AxPPA,16,0,0,15,K=15,1,1,0.949933,0.9797,6161.352,0.105195,0.068231,Erro controlado,84.2559,67.1904,0.196801,328.096,3.359375,0.661129,2.220979,0.822756,Alta economia com erro controlado,1,1,1,0
427,Literature,AxPPA,AxPPA,16,0,0,16,K=16,1,1,0.942478,0.976678,7018.297,0.120868,0.078295,Erro controlado,88.1899,71.2733,0.147626,287.267,3.25,0.479786,1.559305,0.83451,Alta economia com erro controlado,0,1,1,0
428,Literature,HOERAA,HOERAA,16,0,0,1,K=1,1,1,0.999965,0.999983,0.0,0.0,0.000865,Baixo erro,16.3032,11.3146,1.04621,886.854,4.890625,5.116623,25.023485,0.532285,Prioridade em acuracia,0,0,1,1
429,Literature,HOERAA,HOERAA,16,0,0,2,K=2,1,1,0.998198,0.99927,274.993,0.003796,0.002344,Baixo erro,20.9517,14.7788,0.988104,852.212,4.78125,4.724373,22.58841,0.554886,Prioridade em acuracia,0,0,1,1
430,Literature,HOERAA,HOERAA,16,0,0,3,K=3,1,1,0.996163,0.998448,509.156,0.008151,0.004237,Baixo erro,25.1135,17.8669,0.936082,821.331,4.671875,4.373257,20.431309,0.57445,Prioridade em acuracia,0,0,1,1
431,Literature,HOERAA,HOERAA,16,0,0,4,K=4,1,1,0.994546,0.997787,738.888,0.011424,0.007825,Baixo erro,30.1723,23.1277,0.872846,768.723,4.5625,3.982358,18.16951,0.600117,Prioridade em acuracia,0,0,1,1
432,Literature,HOERAA,HOERAA,16,0,0,5,K=5,1,1,0.990444,0.996128,1214.761,0.020127,0.012479,Baixo erro,33.5019,27.4531,0.831226,725.469,4.453125,3.701554,16.483484,0.616339,Prioridade em acuracia,0,0,1,1
433,Literature,HOERAA,HOERAA,16,0,0,6,K=6,1,1,0.986036,0.994343,1737.438,0.029439,0.0179,Baixo erro,36.9289,29.5738,0.788389,704.262,4.34375,3.424565,14.875455,0.627168,Prioridade em acuracia,0,0,1,1
434,Literature,HOERAA,HOERAA,16,0,0,7,K=7,1,1,0.981359,0.992442,2323.937,0.039156,0.025509,Baixo erro,43.3128,32.9287,0.70859,670.713,4.234375,3.000435,12.704966,0.648824,Prioridade em acuracia,0,0,1,1
435,Literature,HOERAA,HOERAA,16,0,0,8,K=8,1,1,0.975737,0.990163,3007.592,0.050987,0.032978,Baixo erro,47.6456,38.2736,0.65443,617.264,4.125,2.699523,11.135533,0.667715,Prioridade em acuracia,0,0,1,1
436,Literature,HOERAA,HOERAA,16,0,0,9,K=9,1,1,0.969831,0.987767,3699.737,0.06336,0.041425,Baixo erro,51.2521,41.391,0.609349,586.09,4.015625,2.446917,9.8259,0.677983,Prioridade em acuracia,0,0,1,1
437,Literature,HOERAA,HOERAA,16,0,0,10,K=10,1,1,0.96301,0.985002,4505.063,0.07771,0.050506,Erro controlado,54.8711,43.6153,0.564111,563.847,3.90625,2.203559,8.607654,0.685606,Trade-off intermediario,0,0,1,0
438,Literature,HOERAA,HOERAA,16,0,0,11,K=11,1,1,0.955353,0.981892,5445.473,0.093674,0.062341,Erro controlado,61.6822,47.8487,0.478972,521.513,3.796875,1.818598,6.904991,0.705975,Trade-off intermediario,0,0,1,0
439,Literature,HOERAA,HOERAA,16,0,0,12,K=12,1,1,0.946848,0.97845,6444.072,0.11168,0.0724,Erro controlado,64.6539,52.7352,0.441826,472.648,3.6875,1.629232,6.007794,0.716075,Trade-off intermediario,0,0,1,0
440,Literature,HOERAA,HOERAA,16,0,0,13,K=13,1,1,0.93672,0.974348,7721.816,0.133065,0.085023,Erro controlado,69.3364,55.6281,0.383295,443.719,3.578125,1.371476,4.907312,0.724988,Trade-off intermediario,0,0,1,0
441,Literature,HOERAA,HOERAA,16,0,0,14,K=14,1,1,0.926629,0.970251,8867.385,0.15413,0.100299,Erro moderado,74.3856,57.5899,0.32018,424.101,3.46875,1.110624,3.852476,0.730164,Trade-off intermediario,0,0,0,0
442,Literature,HOERAA,HOERAA,16,0,0,15,K=15,1,1,0.916527,0.966152,10084.456,0.175292,0.11479,Erro moderado,78.7847,63.2096,0.265192,367.904,3.359375,0.890878,2.992793,0.741995,Trade-off intermediario,0,0,0,0
443,Literature,HOERAA,HOERAA,16,0,0,16,K=16,1,1,0.904993,0.96148,11529.612,0.19963,0.129324,Erro moderado,83.5115,64.8297,0.206107,351.703,3.25,0.669847,2.177002,0.746099,Trade-off intermediario,0,0,0,0
