architecture_id,normalized_error,normalized_energy_saving,normalized_area_saving,balanced_score,pareto_optimal_energy_error,pareto_optimal_area_error
1,0.657507,0.977462,0.792215,0.796433,1,0
2,0.701329,0.916235,0.74407,0.785094,0,0
3,0.748445,0.875846,0.714819,0.78631,0,0
4,0.788134,0.825205,0.670986,0.777679,0,0
5,0.825061,0.779969,0.643769,0.773021,0,0
6,0.858263,0.737589,0.60048,0.764471,0,0
7,0.889129,0.687777,0.572343,0.755298,0,0
8,0.913733,0.645287,0.53652,0.744334,0,0
9,0.93651,0.596412,0.503347,0.730843,0,0
10,0.953191,0.565116,0.451668,0.71706,0,0
11,0.969502,0.501511,0.412552,0.694315,0,0
12,0.983464,0.461132,0.394011,0.682757,0,0
13,0.990949,0.421823,0.352256,0.664016,0,0
14,0.995685,0.35881,0.298538,0.633349,0,0
15,0.703675,0.920071,0.750674,0.788814,0,0
16,0.748483,0.871552,0.690134,0.779887,0,0
17,0.787511,0.832291,0.676677,0.781017,0,0
18,0.824831,0.77216,0.637306,0.768891,0,0
19,0.85643,0.725462,0.605068,0.760319,0,0
20,0.888453,0.675994,0.553933,0.747188,0,0
21,0.912344,0.649166,0.510617,0.739887,0,0
22,0.934086,0.59064,0.477924,0.722648,0,0
23,0.957382,0.533848,0.432103,0.704089,0,0
24,0.972209,0.499093,0.401114,0.692399,0,0
25,0.983892,0.464757,0.36878,0.679172,0,0
26,0.989576,0.394696,0.349355,0.653324,0,0
27,0.998086,0.368159,0.304013,0.638797,0,0
28,0.746174,0.86954,0.684304,0.776978,0,0
29,0.788349,0.810789,0.6691,0.772353,0,0
30,0.825819,0.774412,0.611055,0.764874,0,0
31,0.856447,0.728248,0.584008,0.75709,0,0
32,0.889061,0.664701,0.535923,0.739908,0,0
33,0.913007,0.624444,0.522688,0.733946,0,0
34,0.938354,0.585219,0.482709,0.723628,0,0
35,0.954965,0.538308,0.426984,0.703539,0,0
36,0.972814,0.486042,0.396224,0.687126,0,0
37,0.980805,0.433758,0.363257,0.665829,0,0
38,0.991757,0.405635,0.327769,0.653817,0,0
39,0.995074,0.342511,0.305003,0.628663,0,0
40,0.786508,0.810564,0.636994,0.765025,0,0
41,0.823685,0.762176,0.607335,0.758887,0,0
42,0.859692,0.706673,0.576494,0.749496,0,0
43,0.884841,0.671816,0.534007,0.740116,0,0
44,0.914225,0.620565,0.51049,0.730697,0,0
45,0.933783,0.566063,0.483458,0.715016,0,0
46,0.957414,0.519228,0.432921,0.69915,0,0
47,0.972839,0.483598,0.410595,0.689156,0,0
48,0.98436,0.438348,0.355434,0.66747,0,0
49,0.993312,0.389894,0.326386,0.64873,0,0
50,0.998532,0.356009,0.27791,0.629524,0,0
51,0.823242,0.742139,0.617352,0.753678,0,0
52,0.859199,0.703789,0.578987,0.748763,0,0
53,0.886655,0.664334,0.543538,0.740219,0,0
54,0.915519,0.620555,0.493299,0.727837,0,0
55,0.934101,0.55724,0.463267,0.708033,0,0
56,0.956679,0.529681,0.415135,0.698921,0,0
57,0.972929,0.482442,0.38746,0.684165,0,0
58,0.983431,0.433994,0.355994,0.665641,0,0
59,0.993528,0.390441,0.301737,0.644089,0,0
60,0.997528,0.34318,0.277316,0.624464,0,0
61,0.856545,0.694718,0.550729,0.738742,0,0
62,0.887693,0.64602,0.514026,0.728374,0,0
63,0.914738,0.617597,0.492049,0.726201,0,0
64,0.93663,0.572565,0.456262,0.713134,0,0
65,0.953361,0.508149,0.426131,0.692091,0,0
66,0.970948,0.460229,0.377212,0.673449,0,0
67,0.981723,0.428274,0.356329,0.662937,0,0
68,0.990344,0.370884,0.296724,0.634809,0,0
69,0.998689,0.325371,0.283777,0.620046,0,0
70,0.88792,0.651527,0.533525,0.734303,0,0
71,0.912169,0.596395,0.499331,0.71908,0,0
72,0.934061,0.552682,0.447938,0.703354,0,0
73,0.954495,0.516768,0.411969,0.692785,0,0
74,0.968964,0.467356,0.381762,0.675961,0,0
75,0.982271,0.403272,0.341259,0.651419,0,0
76,0.992185,0.375082,0.30285,0.638332,0,0
77,0.995059,0.316412,0.251792,0.608879,0,0
78,0.913225,0.595299,0.471751,0.713656,0,0
79,0.938359,0.547474,0.438812,0.70164,0,0
80,0.955225,0.503212,0.399859,0.685947,0,0
81,0.971001,0.440961,0.379276,0.667142,0,0
82,0.985103,0.402161,0.346601,0.653373,0,0
83,0.992828,0.353854,0.309397,0.632501,0,0
84,0.998394,0.323947,0.244722,0.611603,0,0
85,0.936775,0.540517,0.429954,0.696721,0,0
86,0.957942,0.498127,0.4031,0.686038,0,0
87,0.96936,0.455445,0.349837,0.665585,0,0
88,0.984385,0.400594,0.332971,0.649775,0,0
89,0.991399,0.340169,0.27421,0.620031,0,0
90,0.996813,0.311987,0.246831,0.607127,0,0
91,0.956919,0.480071,0.392713,0.677181,0,0
92,0.973467,0.439117,0.359534,0.663658,0,0
93,0.983574,0.401139,0.313379,0.645683,0,0
94,0.991437,0.350193,0.28299,0.625312,0,0
95,0.998874,0.298074,0.240899,0.601999,0,0
96,0.970015,0.432394,0.339318,0.655708,0,0
97,0.985068,0.372867,0.31773,0.63733,0,0
98,0.99195,0.335914,0.270287,0.618005,0,0
99,0.997546,0.291051,0.229765,0.596717,0,0
100,0.986186,0.368651,0.301852,0.633182,0,0
101,0.992518,0.340281,0.260231,0.617777,0,0
102,0.999672,0.291928,0.229958,0.598019,1,1
103,0.990859,0.311071,0.270887,0.608939,0,0
104,0.996027,0.272742,0.235665,0.590805,0,0
105,1.0,0.264759,0.203634,0.583393,1,1
106,0.43725,1.0,0.937153,0.734193,1,1
107,0.512093,0.971029,0.885081,0.747318,0,0
108,0.584404,0.918395,0.85447,0.755314,0,0
109,0.650745,0.892237,0.827404,0.770599,0,1
110,0.71064,0.841444,0.793113,0.772916,0,1
111,0.767796,0.793232,0.752331,0.773605,0,0
112,0.813498,0.743678,0.694863,0.765334,0,0
113,0.856762,0.689744,0.658763,0.758706,0,0
114,0.89411,0.657781,0.618632,0.756299,0,0
115,0.928615,0.605596,0.592602,0.748356,0,1
116,0.950492,0.565313,0.561618,0.737905,0,1
117,0.973332,0.514221,0.510559,0.720089,0,1
118,0.984887,0.460412,0.502207,0.704785,0,1
119,0.997203,0.424046,0.450884,0.687334,1,1
120,0.516313,0.982143,0.934304,0.762952,1,1
121,0.587,0.910799,0.860882,0.755106,0,1
122,0.652611,0.878327,0.808057,0.762701,0,1
123,0.711218,0.832855,0.768147,0.765177,0,0
124,0.766547,0.791303,0.745001,0.770903,0,0
125,0.814617,0.739074,0.689827,0.763219,0,0
126,0.857635,0.700672,0.660947,0.763361,0,0
127,0.893954,0.652915,0.612621,0.753324,0,0
128,0.928145,0.587256,0.579,0.739005,0,0
129,0.953959,0.541851,0.547612,0.728452,0,1
130,0.970736,0.508794,0.511693,0.717247,0,0
131,0.986616,0.468068,0.492051,0.706211,1,1
132,0.998204,0.419346,0.43545,0.683053,1,0
133,0.585777,0.916733,0.840912,0.752638,0,0
134,0.652436,0.857849,0.796586,0.753161,0,0
135,0.710365,0.821451,0.76613,0.760398,0,0
136,0.768926,0.766119,0.743085,0.762776,0,0
137,0.816405,0.719369,0.697681,0.758698,0,0
138,0.8577,0.686845,0.659377,0.758236,0,0
139,0.898185,0.643433,0.621447,0.753674,0,1
140,0.92555,0.596613,0.568225,0.738957,0,0
141,0.952398,0.531119,0.550573,0.724586,0,1
142,0.973077,0.497735,0.514229,0.714938,0,1
143,0.989778,0.455996,0.47032,0.699063,1,1
144,0.997781,0.406465,0.4362,0.678504,0,0
145,0.649965,0.86233,0.789265,0.752152,0,0
146,0.713735,0.824002,0.758607,0.761303,0,0
147,0.765449,0.773884,0.728223,0.760956,0,0
148,0.815212,0.715064,0.672623,0.751643,0,0
149,0.858113,0.662851,0.647336,0.747616,0,0
150,0.894262,0.626847,0.603396,0.742494,0,0
151,0.926191,0.583448,0.570115,0.735016,0,0
152,0.954422,0.539787,0.546532,0.727722,0,1
153,0.973052,0.496878,0.517358,0.715252,0,1
154,0.989527,0.432603,0.461981,0.689095,0,0
155,0.996825,0.396758,0.423745,0.672186,0,0
156,0.713935,0.804186,0.74502,0.75174,0,0
157,0.769249,0.752437,0.703091,0.750133,0,0
158,0.81622,0.707076,0.675347,0.749845,0,0
159,0.85676,0.668642,0.634496,0.746466,0,0
160,0.89424,0.628366,0.59511,0.741358,0,0
161,0.929991,0.568797,0.571412,0.731857,0,1
162,0.951498,0.52204,0.540513,0.71899,0,0
163,0.972029,0.480187,0.496176,0.704714,0,0
164,0.98892,0.433802,0.453147,0.687474,0,0
165,0.998389,0.375759,0.436225,0.668036,1,1
166,0.767655,0.750931,0.72312,0.752895,0,0
167,0.817771,0.697424,0.667466,0.745589,0,0
168,0.859424,0.646997,0.635221,0.740234,0,0
169,0.89542,0.62097,0.603514,0.740982,0,0
170,0.929878,0.56449,0.563229,0.728662,0,0
171,0.954242,0.527316,0.52331,0.718632,0,0
172,0.972116,0.481784,0.495853,0.705247,0,0
173,0.989723,0.432483,0.44801,0.686346,0,0
174,0.993641,0.377189,0.417697,0.662694,0,0
175,0.814612,0.68911,0.666757,0.741115,0,0
176,0.856755,0.639747,0.628597,0.73517,0,0
177,0.897982,0.610269,0.584999,0.734686,0,0
178,0.927417,0.569376,0.560766,0.728772,0,0
179,0.952148,0.501666,0.53325,0.7107,0,0
180,0.972247,0.462006,0.491026,0.697418,0,0
181,0.985418,0.414267,0.458846,0.680201,0,0
182,0.997193,0.378055,0.399285,0.660913,0,0
183,0.859632,0.642602,0.621554,0.736056,0,0
184,0.8954,0.584847,0.573666,0.72236,0,0
185,0.926484,0.545497,0.547452,0.717332,0,0
186,0.95549,0.502136,0.514913,0.708701,0,0
187,0.97436,0.457171,0.46965,0.692402,0,0
188,0.987822,0.413164,0.427882,0.674704,0,0
189,0.994749,0.376014,0.409105,0.661063,0,0
190,0.895783,0.583253,0.572926,0.721826,0,0
191,0.92828,0.549812,0.542353,0.718631,0,0
192,0.954855,0.500489,0.498507,0.704557,0,0
193,0.973788,0.456712,0.463987,0.690851,0,0
194,0.98912,0.40684,0.446286,0.676755,0,0
195,0.998539,0.358236,0.40397,0.655519,1,1
196,0.928242,0.539479,0.540262,0.714579,0,0
197,0.956171,0.475971,0.497008,0.696268,0,0
198,0.975256,0.452605,0.469913,0.69126,0,0
199,0.986168,0.401534,0.426913,0.669695,0,0
200,0.999032,0.353796,0.390452,0.651483,1,1
201,0.952821,0.471683,0.494877,0.692834,0,0
202,0.97297,0.436287,0.464805,0.683498,0,0
203,0.986714,0.378332,0.423191,0.661076,0,0
204,0.99573,0.32909,0.394834,0.642227,0,0
205,0.974168,0.415989,0.432423,0.670456,0,0
206,0.987059,0.374583,0.399884,0.655257,0,0
207,0.997944,0.337414,0.371262,0.641422,0,0
208,0.989936,0.378067,0.416792,0.661153,0,0
209,0.995597,0.334066,0.374428,0.639827,0,0
210,0.997096,0.306404,0.348999,0.625734,0,0
211,0.792911,0.933043,0.655541,0.814483,1,0
212,0.82295,0.897787,0.625106,0.809574,1,0
213,0.850125,0.842856,0.577551,0.793066,1,0
214,0.869488,0.811113,0.546147,0.784389,1,0
215,0.895783,0.751055,0.522812,0.770534,1,0
216,0.911991,0.713638,0.482183,0.756606,1,0
217,0.931987,0.666564,0.44451,0.741594,1,0
218,0.945204,0.607897,0.396607,0.717427,1,0
219,0.961517,0.570459,0.359292,0.704202,1,0
220,0.974753,0.534221,0.324903,0.690597,1,0
221,0.982891,0.471077,0.285462,0.66427,1,0
222,0.987864,0.434867,0.252218,0.647186,0,0
223,0.995727,0.379748,0.234676,0.627924,0,0
224,0.997698,0.344288,0.177582,0.604981,0,0
225,0.822504,0.904286,0.674013,0.82143,1,0
226,0.846603,0.836658,0.595632,0.792928,0,0
227,0.873416,0.801005,0.558198,0.785028,1,0
228,0.895656,0.754271,0.500983,0.767237,1,0
229,0.914213,0.695213,0.477463,0.750213,1,0
230,0.933143,0.650255,0.432403,0.733984,1,0
231,0.94775,0.601656,0.396896,0.716446,1,0
232,0.959691,0.553929,0.362096,0.698155,0,0
233,0.97046,0.525433,0.330334,0.686675,0,0
234,0.98128,0.459548,0.291197,0.660657,0,0
235,0.991442,0.424161,0.242994,0.643204,1,0
236,0.99322,0.379797,0.215289,0.622936,0,0
237,0.999402,0.332619,0.163824,0.598913,1,0
238,0.8457,0.829668,0.580579,0.787065,0,0
239,0.874179,0.775613,0.545589,0.773963,1,0
240,0.895023,0.726881,0.502119,0.757592,0,0
241,0.911764,0.70311,0.461033,0.748589,0,0
242,0.929653,0.656859,0.438994,0.736043,0,0
243,0.948783,0.599256,0.381321,0.712956,1,0
244,0.961387,0.564773,0.348448,0.699984,0,0
245,0.974333,0.510589,0.329979,0.683152,0,0
246,0.982171,0.450564,0.282997,0.656274,0,0
247,0.990241,0.415083,0.250968,0.641081,0,0
248,0.995427,0.378519,0.220213,0.624467,0,0
249,0.995404,0.313471,0.182611,0.594169,0,0
250,0.872415,0.769643,0.543287,0.770619,0,0
251,0.891891,0.743362,0.490456,0.759619,0,0
252,0.911744,0.684677,0.470526,0.744027,0,0
253,0.932453,0.64971,0.433556,0.733713,0,0
254,0.946454,0.601222,0.368516,0.710036,0,0
255,0.962833,0.547264,0.334909,0.691799,1,0
256,0.97316,0.511032,0.303757,0.677534,0,0
257,0.979872,0.464784,0.275128,0.658642,0,0
258,0.991227,0.40626,0.250728,0.638389,0,0
259,0.996719,0.36861,0.19951,0.617439,0,0
260,0.997934,0.306093,0.151859,0.586574,0,0
261,0.89436,0.715108,0.48546,0.749842,0,0
262,0.915429,0.671033,0.44037,0.734878,1,0
263,0.933408,0.636376,0.422451,0.727255,1,0
264,0.945736,0.585844,0.384772,0.707581,0,0
265,0.959638,0.52984,0.351191,0.687519,0,0
266,0.973385,0.501114,0.313645,0.676142,0,0
267,0.980745,0.445367,0.254073,0.648028,0,0
268,0.98919,0.402742,0.220466,0.630189,0,0
269,0.996553,0.343399,0.188123,0.606263,0,0
270,0.997591,0.299634,0.149534,0.583695,0,0
271,0.915296,0.662688,0.451035,0.734031,0,0
272,0.931877,0.633887,0.400397,0.721284,0,0
273,0.950242,0.58183,0.354756,0.7022,1,0
274,0.960011,0.533738,0.339217,0.686657,0,0
275,0.971464,0.472854,0.284777,0.659613,0,0
276,0.984772,0.43245,0.25703,0.645911,0,0
277,0.987884,0.390846,0.235554,0.628455,0,0
278,0.994774,0.349372,0.180818,0.606092,0,0
279,0.998409,0.288621,0.162919,0.582885,0,0
280,0.932498,0.609936,0.403169,0.713735,0,0
281,0.947102,0.561681,0.351625,0.693109,0,0
282,0.959916,0.513668,0.334006,0.678547,0,0
283,0.974095,0.478355,0.287082,0.663184,0,0
284,0.980702,0.430574,0.252142,0.642445,0,0
285,0.989188,0.383891,0.221485,0.623793,0,0
286,0.993778,0.32968,0.171937,0.596976,0,0
287,0.997401,0.296417,0.154674,0.583511,0,0
288,0.947205,0.550506,0.354412,0.689802,0,0
289,0.960306,0.51934,0.30635,0.675177,0,0
290,0.975061,0.469524,0.2692,0.656951,0,0
291,0.981213,0.422723,0.246302,0.638759,0,0
292,0.9881,0.37694,0.198643,0.616302,0,0
293,0.993055,0.324553,0.173476,0.595164,0,0
294,0.99941,0.272968,0.127077,0.570689,0,0
295,0.960371,0.508573,0.299834,0.670134,0,0
296,0.975108,0.460395,0.285422,0.657021,0,0
297,0.982348,0.412603,0.239628,0.634393,0,0
298,0.991314,0.366289,0.188876,0.612068,0,0
299,0.995807,0.320029,0.175438,0.595211,0,0
300,0.997929,0.280021,0.126066,0.572289,0,0
301,0.974531,0.460078,0.276561,0.654878,0,0
302,0.984024,0.407849,0.21822,0.629202,0,0
303,0.98895,0.355727,0.182148,0.605962,0,0
304,0.995357,0.325239,0.172478,0.59624,0,0
305,0.996903,0.256187,0.13581,0.565434,0,0
306,0.982321,0.386651,0.222567,0.621886,0,0
307,0.989178,0.358309,0.19698,0.609934,0,0
308,0.994809,0.31704,0.156623,0.589953,0,0
309,0.999462,0.256979,0.130726,0.565846,0,0
310,0.98923,0.341032,0.193281,0.603171,0,0
311,0.994321,0.307474,0.141338,0.583328,0,0
312,0.998419,0.255591,0.113558,0.561457,0,0
313,0.993601,0.290662,0.143032,0.577458,0,0
314,0.997101,0.239576,0.091674,0.550881,0,0
315,0.997601,0.236403,0.095613,0.550784,0,0
316,0.995525,0.214764,0.175318,0.558217,0,0
317,0.989561,0.242942,0.209225,0.572177,0,0
318,0.978226,0.296083,0.269481,0.597727,0,0
319,0.963991,0.348028,0.305197,0.616645,0,0
320,0.946234,0.400777,0.336487,0.633375,0,0
321,0.921831,0.435008,0.377459,0.642568,0,0
322,0.896138,0.495406,0.431478,0.66295,0,0
323,0.859862,0.521131,0.474193,0.664172,0,0
324,0.826462,0.574553,0.512948,0.675591,0,0
325,0.781988,0.631847,0.529806,0.679002,0,0
326,0.740485,0.661169,0.572546,0.679137,0,0
327,0.689048,0.702863,0.628037,0.681681,0,0
328,0.636844,0.765183,0.651129,0.684619,0,0
329,0.575495,0.812013,0.702181,0.683614,0,0
330,0.512869,0.845535,0.736552,0.674038,0,0
331,0.449139,0.906867,0.77167,0.67385,0,0
332,0.996343,0.168463,0.122069,0.53173,0,0
333,0.994694,0.222019,0.175867,0.560493,0,0
334,0.989428,0.255769,0.21183,0.577128,0,0
335,0.975251,0.310348,0.243343,0.596153,0,0
336,0.966618,0.347186,0.277947,0.612082,0,0
337,0.949919,0.401883,0.320457,0.632214,0,0
338,0.931042,0.438992,0.355599,0.643736,0,0
339,0.911849,0.50078,0.421059,0.669817,0,0
340,0.888969,0.545794,0.4533,0.681724,0,0
341,0.861681,0.57985,0.489362,0.688576,0,0
342,0.832676,0.639117,0.543275,0.70705,0,0
343,0.79698,0.677665,0.578551,0.711534,0,0
344,0.765084,0.714949,0.607206,0.715961,0,0
345,0.728479,0.756715,0.646072,0.72188,0,0
346,0.686894,0.817455,0.689178,0.733047,0,0
347,0.644501,0.865698,0.723927,0.737805,0,0
348,0.994324,0.316308,0.392496,0.636653,0,0
349,0.982148,0.3673,0.425058,0.655533,0,0
350,0.957754,0.414517,0.465,0.66907,0,0
351,0.927024,0.440018,0.495361,0.670239,0,0
352,0.88652,0.487633,0.54797,0.679199,0,0
353,0.840424,0.551156,0.594278,0.689951,0,0
354,0.780081,0.576754,0.630581,0.679017,0,0
355,0.714893,0.625073,0.656554,0.671788,0,0
356,0.639183,0.682824,0.707014,0.668023,0,0
357,0.552893,0.73364,0.734267,0.652429,0,0
358,0.461469,0.776817,0.790974,0.637742,0,0
359,0.357966,0.817767,0.823488,0.612001,0,0
360,0.247467,0.871293,0.859052,0.588123,0,0
361,0.129881,0.919355,0.889314,0.558084,0,0
362,0.0,0.964788,0.958738,0.529423,0,1
363,0.0,0.990629,1.0,0.54672,0,1
364,0.996105,0.188259,0.153811,0.5449,0,0
365,0.994922,0.237251,0.19273,0.569299,0,0
366,0.982433,0.290779,0.243596,0.592587,0,0
367,0.971236,0.333278,0.278388,0.609381,0,0
368,0.956268,0.373273,0.317824,0.624531,0,0
369,0.934131,0.412528,0.362681,0.63728,0,0
370,0.912349,0.464219,0.389951,0.651024,0,0
371,0.887613,0.521992,0.441539,0.670431,0,0
372,0.857901,0.564443,0.495417,0.682694,0,0
373,0.820833,0.598874,0.520018,0.682985,0,0
374,0.783071,0.649491,0.554151,0.690534,0,0
375,0.743324,0.685206,0.595475,0.693413,0,0
376,0.697281,0.750443,0.645436,0.705519,0,0
377,0.653007,0.783696,0.672319,0.70261,0,0
378,0.600632,0.827466,0.719463,0.70379,0,0
379,0.544365,0.885715,0.763262,0.707617,0,0
380,0.996665,0.243583,0.222819,0.578317,0,0
381,0.990754,0.279771,0.267155,0.59719,0,0
382,0.976639,0.343057,0.301682,0.619894,0,0
383,0.956976,0.37732,0.327118,0.628125,0,0
384,0.935019,0.430693,0.367249,0.644951,0,0
385,0.905099,0.474784,0.417232,0.656915,0,0
386,0.869568,0.525516,0.458999,0.667036,0,0
387,0.831193,0.564697,0.484126,0.668506,0,0
388,0.783016,0.595727,0.548633,0.670588,0,0
389,0.735497,0.663964,0.583205,0.680002,0,0
390,0.679659,0.705453,0.615381,0.675832,0,0
391,0.617653,0.753287,0.649876,0.671569,0,0
392,0.551607,0.79589,0.683091,0.663403,0,0
393,0.477713,0.836876,0.734468,0.654771,0,0
394,0.39808,0.885539,0.78366,0.645806,0,0
395,0.315235,0.931424,0.818075,0.631469,0,0
396,0.99675,0.178274,0.124377,0.535809,0,0
397,0.995059,0.225754,0.164639,0.559718,0,0
398,0.991634,0.271129,0.212882,0.583707,0,0
399,0.980199,0.32802,0.245003,0.604897,0,0
400,0.969317,0.369914,0.30545,0.626753,0,0
401,0.960123,0.415661,0.352852,0.648107,0,0
402,0.944498,0.444457,0.367756,0.654135,0,0
403,0.927662,0.491402,0.410817,0.671602,0,0
404,0.90932,0.546566,0.470223,0.694537,0,0
405,0.886419,0.586139,0.497366,0.703511,0,0
406,0.860079,0.634646,0.537749,0.716712,0,0
407,0.836874,0.685265,0.595945,0.735625,0,0
408,0.805998,0.722879,0.62656,0.741019,0,0
409,0.775936,0.78403,0.665722,0.756726,0,0
410,0.743004,0.830201,0.7091,0.766742,0,0
411,0.706627,0.857392,0.73742,0.765554,0,0
412,0.998602,0.220679,0.18122,0.562852,0,0
413,0.997241,0.253293,0.224891,0.582389,0,0
414,0.995359,0.311221,0.273122,0.611464,0,0
415,0.988045,0.364107,0.31731,0.635519,0,0
416,0.983061,0.411828,0.342836,0.655084,0,0
417,0.971984,0.449669,0.3813,0.671037,0,0
418,0.96238,0.487831,0.446972,0.693206,0,0
419,0.95147,0.550307,0.474911,0.715751,0,0
420,0.939152,0.57563,0.502586,0.724606,0,0
421,0.925971,0.643076,0.568239,0.755411,0,0
422,0.908554,0.680127,0.581502,0.763194,0,0
423,0.891878,0.73499,0.630325,0.784657,0,1
424,0.871487,0.781709,0.678866,0.801541,0,1
425,0.851241,0.822504,0.722859,0.815507,1,1
426,0.829309,0.859754,0.743267,0.822756,1,1
427,0.804132,0.899897,0.788432,0.83451,0,1
428,0.997836,0.166359,0.125163,0.532285,0,0
429,0.994136,0.213793,0.163484,0.554886,0,0
430,0.9894,0.25626,0.197645,0.57445,0,0
431,0.980424,0.307881,0.255841,0.600117,0,0
432,0.968782,0.341856,0.303689,0.616339,0,0
433,0.95522,0.376826,0.327148,0.627168,0,0
434,0.936185,0.441967,0.36426,0.648824,0,0
435,0.9175,0.48618,0.423386,0.667715,0,0
436,0.896369,0.522981,0.457871,0.677983,0,0
437,0.873651,0.559909,0.482477,0.685606,0,0
438,0.844044,0.62941,0.529307,0.705975,0,0
439,0.81888,0.659734,0.583362,0.716075,0,0
440,0.787301,0.707514,0.615363,0.724988,0,0
441,0.749086,0.759037,0.637065,0.730164,0,0
442,0.712834,0.803926,0.699231,0.741995,0,0
443,0.676475,0.852158,0.717152,0.746099,0,0
